loan_id,loan_grade,loan_amount,interest_rate,dti_ratio,annual_income,loan_term,employment_length,default_status
1,B,6742.26,7.6,0.159,43220.63,36,,0
2,F,16409.63,18.91,0.3081,42933.8,36,8.0,1
3,D,17770.47,14.88,0.2989,27949.57,60,6.0,0
4,C,10505.44,13.37,0.2124,56397.58,36,2.0,0
5,A,7087.17,5.81,0.0547,47525.53,36,2.0,0
6,A,1541.44,5.64,0.0966,73722.69,36,8.0,0
7,A,9253.22,4.58,0.1377,57770.45,36,9.0,0
8,E,13420.94,17.08,0.3331,55230.45,60,1.0,0
9,C,14301.28,12.77,0.2292,79468.45,60,2.0,0
10,D,11626.69,14.25,,83610.04,36,7.0,0
11,A,6659.52,8.28,0.1615,24495.92,36,4.0,1
12,G,20472.81,26.86,,24984.51,36,6.0,1
13,E,9724.16,18.13,0.3442,44544.45,60,6.0,0
14,B,11095.79,7.58,0.1148,73285.9,60,9.0,0
15,A,6843.91,4.86,0.0365,40293.62,36,9.0,0
16,A,5934.73,4.64,0.0674,52322.34,36,3.0,0
17,B,12127.86,10.18,0.2672,67346.43,36,6.0,0
18,C,6558.42,12.28,0.2169,61527.99,36,1.0,0
19,C,8736.39,10.9,,66797.13,60,10.0,0
20,B,7030.04,11.34,0.1428,72986.16,60,10.0,0
21,C,10952.5,12.07,0.1845,66094.7,60,3.0,0
22,A,8655.82,6.15,0.0956,73485.8,36,1.0,0
23,B,8779.74,7.59,0.1445,66003.32,36,0.0,0
24,B,12184.53,9.04,0.1036,76965.74,36,6.0,0
25,C,14865.7,12.47,0.1311,19692.19,36,1.0,0
26,E,12736.16,16.17,0.3301,77798.0,36,7.0,1
27,A,6205.2,8.02,0.1633,30319.32,36,7.0,0
28,C,13177.18,13.94,0.3467,40575.09,36,6.0,0
29,C,8088.03,11.4,0.174,55918.31,36,10.0,0
30,A,1488.62,3.35,0.0788,82107.03,60,4.0,0
31,C,9220.17,12.52,0.1537,15000.0,60,11.0,0
32,A,9171.41,5.13,0.1675,69493.76,36,0.0,0
33,A,8510.33,5.53,0.1489,84263.11,36,,0
34,F,16061.42,22.79,0.2974,62901.33,36,4.0,1
35,G,16276.46,26.76,0.3459,27448.07,60,6.0,1
36,E,21025.61,21.17,0.3572,44584.96,60,0.0,0
37,B,9454.13,9.35,0.173,53909.33,60,6.0,0
38,A,6928.4,3.43,0.1455,62931.86,60,3.0,0
39,D,18844.67,17.54,0.197,36427.12,36,10.0,0
40,C,12019.51,14.46,0.0873,43993.46,36,,0
41,A,5052.68,9.73,0.0475,77818.78,36,6.0,0
42,C,7063.6,10.31,0.2413,62369.08,60,11.0,0
43,A,4580.04,5.36,0.2267,78848.56,36,9.0,0
44,F,18177.61,19.38,0.3242,48852.26,60,4.0,1
45,B,9734.8,9.33,0.2866,77678.09,60,,1
46,D,17454.17,14.68,0.2998,70807.85,36,7.0,1
47,B,8277.17,11.39,0.0664,33649.1,60,2.0,0
48,C,13038.61,10.84,0.2128,44622.43,36,1.0,0
49,C,18013.51,9.47,0.2518,55835.23,60,3.0,0
50,A,10378.16,4.29,0.01,69591.8,60,9.0,0
51,G,23030.38,23.04,0.4387,27938.37,36,2.0,1
52,D,14237.6,16.63,0.3204,71416.43,36,1.0,0
53,F,22117.51,19.4,0.3739,80639.07,36,2.0,1
54,E,15631.5,19.04,0.2963,53350.92,60,7.0,0
55,C,11545.99,8.88,0.1896,61518.14,36,6.0,0
56,F,16598.84,22.02,0.3361,60290.21,60,7.0,1
57,A,2323.41,7.47,0.0294,36414.88,36,3.0,0
58,A,5205.93,5.54,0.0587,70512.44,60,11.0,0
59,A,4938.67,3.7,0.075,87622.64,60,,0
60,B,5631.88,8.45,0.1568,53423.23,60,5.0,0
61,B,10625.22,8.53,0.1166,42921.91,36,11.0,0
62,B,10243.88,9.21,0.0979,61655.5,36,12.0,0
63,E,17669.63,16.95,0.3456,48907.66,36,7.0,1
64,B,9616.29,9.39,0.1722,48644.26,36,11.0,0
65,B,2853.42,4.44,0.1176,102730.9,36,6.0,0
66,C,9263.37,11.06,0.2304,51383.47,36,3.0,0
67,A,8490.3,4.27,0.0728,49234.13,60,3.0,0
68,E,14597.94,19.95,0.3038,48314.82,36,6.0,0
69,A,4963.06,5.03,0.1585,86341.49,60,6.0,0
70,G,19170.81,23.89,0.3638,40313.46,36,4.0,1
71,D,17335.07,14.02,0.1797,63740.69,36,,0
72,A,4634.89,5.3,0.0913,54312.81,36,4.0,0
73,A,10445.58,4.88,0.0182,96778.39,36,2.0,0
74,E,16219.17,18.13,0.2834,60110.8,36,0.0,1
75,D,11808.96,14.78,0.2332,73858.63,60,12.0,1
76,D,17961.12,16.54,0.1022,61572.89,60,9.0,0
77,D,12946.62,14.72,0.2818,69847.91,36,6.0,0
78,A,7602.51,4.87,0.089,54285.05,36,10.0,0
79,B,4801.12,11.75,0.2209,56154.61,36,9.0,0
80,A,8718.45,3.0,0.1129,94236.65,60,11.0,0
81,E,16796.68,16.22,,78075.36,60,4.0,0
82,D,15112.52,16.68,0.3214,34352.82,60,6.0,0
83,B,13018.18,7.48,0.1421,69495.25,36,1.0,0
84,A,5183.44,4.52,0.1,62243.01,36,,0
85,B,10809.88,7.33,0.0556,52453.43,36,12.0,0
86,B,10030.8,8.11,0.2244,70127.11,60,,0
87,D,15349.67,17.9,0.2413,75537.33,36,4.0,0
88,D,10236.25,16.7,0.1897,63129.92,60,5.0,0
89,E,18072.87,20.29,0.3444,44248.78,36,4.0,1
90,C,8467.85,9.88,0.0692,69267.5,36,3.0,1
91,A,5559.11,3.27,0.0742,63520.43,36,5.0,0
92,D,9201.84,11.24,0.3045,62418.06,60,0.0,0
93,D,12173.44,14.29,0.2237,80136.38,36,,0
94,C,11715.18,13.44,0.1569,22611.13,60,4.0,0
95,D,19033.92,16.28,0.225,69350.54,36,11.0,0
96,C,8087.37,11.67,0.0794,32297.01,36,8.0,0
97,C,15485.95,11.97,0.2429,82109.9,36,3.0,0
98,C,13801.69,10.97,,48533.54,60,2.0,1
99,A,6052.69,5.31,0.0837,48081.92,36,,0
100,A,8018.11,6.15,,82514.85,36,9.0,0
101,A,6679.62,3.0,0.1008,76555.06,36,2.0,0
102,D,12961.07,15.95,0.2892,37014.64,36,0.0,0
103,B,12277.27,9.9,0.1469,42446.0,60,8.0,0
104,C,8848.19,11.38,0.1183,56625.33,36,3.0,0
105,F,16729.12,23.55,0.3845,23326.43,60,2.0,1
106,B,10698.13,12.72,0.1799,45893.49,60,8.0,0
107,B,5180.17,8.34,0.1623,67081.17,60,7.0,0
108,D,15491.85,16.09,0.3145,37614.31,36,5.0,1
109,B,6392.89,7.39,0.1518,72677.71,36,11.0,1
110,A,7854.71,5.27,0.1667,96822.58,60,7.0,0
111,B,14648.88,9.19,,62326.0,60,11.0,0
112,A,7832.19,5.29,0.1349,72342.72,36,2.0,0
113,F,22794.52,20.97,0.3051,81325.74,36,3.0,0
114,E,14256.13,19.31,0.2922,28623.18,60,1.0,1
115,D,15020.47,17.69,0.3243,76442.23,36,3.0,0
116,E,17755.97,19.67,0.2101,69275.44,60,12.0,0
117,E,16666.93,20.44,0.2765,65377.71,36,12.0,0
118,A,8357.19,4.64,0.0794,93251.46,36,9.0,0
119,E,13265.2,20.12,0.2481,55050.35,36,5.0,0
120,C,13396.29,12.42,0.2524,49507.27,36,9.0,0
121,E,16196.35,17.57,0.3226,69702.32,36,6.0,0
122,E,12302.16,19.48,0.2573,70391.16,60,0.0,1
123,B,7232.89,7.01,0.1863,84895.65,60,5.0,1
124,A,5901.91,4.05,0.0905,70801.04,60,6.0,0
125,B,10846.94,8.78,0.0966,52108.5,60,2.0,0
126,C,11812.69,12.45,0.1572,63444.52,36,2.0,1
127,E,12639.35,17.22,0.3262,66960.14,36,2.0,1
128,E,17852.9,20.58,0.3563,68438.33,60,7.0,1
129,A,6820.3,5.86,,62265.83,36,1.0,0
130,C,7743.46,10.94,0.2327,65676.71,36,8.0,0
131,B,8148.54,6.19,0.2449,41441.99,60,4.0,0
132,B,7207.97,8.28,0.0745,82729.1,36,3.0,0
133,A,9745.5,4.33,0.1213,55900.44,60,9.0,0
134,B,5150.13,8.67,0.1998,79134.6,60,5.0,0
135,F,21551.63,21.96,0.3443,24312.52,36,4.0,1
136,B,5188.09,5.49,0.2243,83565.49,36,10.0,1
137,C,14359.09,11.42,,65793.03,60,3.0,0
138,D,17640.26,15.04,,40935.56,36,10.0,1
139,B,3941.89,9.45,0.136,77444.41,36,5.0,0
140,G,16728.52,24.95,0.4586,29373.49,36,2.0,1
141,G,22093.61,28.52,0.4505,53491.99,60,6.0,1
142,B,6081.25,5.63,0.01,60065.99,60,3.0,0
143,C,11073.41,13.97,0.1998,29021.15,60,1.0,0
144,B,5025.11,8.16,0.1263,47316.51,60,1.0,0
145,B,7732.96,9.79,,57252.54,60,2.0,0
146,A,7119.17,5.12,0.0884,94627.4,36,8.0,0
147,C,11643.45,13.71,0.1949,76220.59,60,10.0,1
148,C,12007.6,11.42,0.1482,89229.51,36,10.0,0
149,A,1000.0,3.35,0.1441,99765.43,36,2.0,0
150,B,10861.06,10.63,0.2493,55374.49,60,7.0,0
151,F,21174.01,22.33,0.2991,41607.24,36,2.0,0
152,B,5909.71,8.83,0.0662,57596.96,60,7.0,0
153,A,4436.65,6.85,0.1012,57912.81,36,,1
154,C,11428.85,10.45,0.1983,26853.1,60,0.0,0
155,G,21586.47,26.89,0.4703,39734.54,36,12.0,1
156,B,10075.32,7.62,0.0762,41859.82,36,9.0,0
157,D,12382.93,15.3,0.2177,54384.91,36,9.0,1
158,D,18328.17,15.61,0.1211,93083.87,36,8.0,0
159,B,9364.86,6.25,0.2325,55831.79,36,9.0,0
160,D,17911.97,14.33,0.265,58505.93,60,12.0,1
161,B,9671.02,10.53,,81319.67,60,9.0,0
162,D,16660.9,16.83,0.1707,60045.24,36,,1
163,D,13269.23,15.41,0.1762,60264.72,36,6.0,0
164,C,10746.23,12.36,0.2249,53476.76,36,,0
165,A,4230.07,4.56,0.0336,65826.2,36,,0
166,E,16470.25,21.03,,32719.81,60,11.0,0
167,B,11847.97,8.2,0.2726,80228.81,36,6.0,0
168,A,5232.6,5.35,0.0791,38653.15,60,9.0,0
169,A,9914.89,6.72,0.0423,87479.59,36,11.0,0
170,C,12528.14,10.83,0.2229,34733.43,36,2.0,0
171,D,17549.82,17.84,0.1765,72326.93,60,6.0,0
172,A,10217.44,3.0,0.2032,63631.28,36,5.0,0
173,C,15547.69,14.44,0.2842,37826.36,60,9.0,1
174,B,8070.45,7.94,0.1401,75427.38,60,4.0,0
175,D,12277.15,15.14,0.1962,71717.82,60,8.0,1
176,A,8467.24,3.0,0.0745,62114.58,36,4.0,0
177,D,10602.47,14.82,0.2323,67970.99,60,1.0,0
178,B,11524.17,6.94,,23868.48,60,1.0,0
179,F,21134.3,21.59,0.4124,21229.27,36,1.0,1
180,A,7241.28,4.79,0.0378,93263.36,36,0.0,0
181,B,7551.38,9.94,0.2107,60973.95,36,5.0,1
182,A,8442.38,5.31,0.1371,36480.16,36,,0
183,F,21698.27,22.96,0.3195,32420.41,60,1.0,1
184,E,19747.99,17.36,0.2348,33378.79,36,6.0,0
185,B,11592.16,7.18,0.157,62012.69,60,6.0,0
186,D,10745.71,18.2,0.1864,48326.48,36,1.0,0
187,E,15940.91,17.9,,53220.77,36,4.0,0
188,C,13506.18,14.48,0.1326,58749.61,60,8.0,0
189,C,8771.45,11.64,,84475.31,36,0.0,1
190,B,14021.58,8.5,0.1452,72641.87,36,1.0,0
191,A,7187.86,6.61,0.0664,78238.09,60,12.0,0
192,E,15631.66,20.91,0.2938,70972.83,60,8.0,1
193,F,19934.13,22.33,0.4148,38002.16,60,5.0,0
194,D,12723.62,14.92,0.1785,32286.21,60,7.0,0
195,B,7823.37,8.42,0.1253,86725.47,60,10.0,0
196,B,7322.08,9.01,0.1049,67445.15,36,10.0,0
197,D,16513.73,16.84,0.2477,57508.32,60,3.0,0
198,E,23322.86,19.01,0.2589,38600.06,60,,0
199,E,18729.92,19.93,0.1939,38896.6,36,7.0,1
200,D,12925.42,17.96,0.1867,70241.0,36,0.0,1
201,D,12145.82,16.07,,72723.8,36,11.0,0
202,A,6842.47,5.47,0.1148,84108.82,60,4.0,1
203,A,11789.6,3.0,0.1127,84273.31,36,4.0,1
204,E,19357.51,15.05,0.283,60242.53,60,11.0,0
205,C,6788.74,12.58,0.1969,62367.41,36,1.0,1
206,A,7770.75,4.86,0.0742,66843.17,60,0.0,0
207,A,7452.43,4.23,0.1316,91785.83,36,7.0,0
208,D,16242.78,15.87,,48273.02,36,4.0,0
209,A,11196.66,4.91,0.0297,76659.63,60,9.0,0
210,A,4506.16,6.69,0.1152,55527.77,36,0.0,0
211,C,14322.54,12.13,0.0525,48132.62,36,4.0,0
212,D,10110.32,14.38,0.2748,50749.22,36,2.0,0
213,D,14052.99,16.99,0.1654,40529.11,36,8.0,0
214,B,15170.05,8.17,0.1442,79361.33,36,2.0,0
215,D,18883.64,16.29,,30735.38,60,,1
216,B,10114.01,7.78,0.1502,66786.13,60,9.0,1
217,B,11717.87,7.53,0.1847,67385.15,60,11.0,0
218,D,14714.9,15.63,0.3402,22405.61,36,,0
219,D,15312.78,15.52,0.1575,47061.57,36,4.0,1
220,E,12355.01,19.72,0.3585,54602.59,36,6.0,1
221,D,15919.91,15.1,0.2579,62717.1,60,7.0,0
222,C,10524.92,9.25,0.173,56322.47,36,10.0,0
223,A,8570.91,4.35,0.1456,82183.99,60,10.0,0
224,B,7516.65,9.69,0.1358,63032.31,36,11.0,0
225,B,7459.04,8.05,0.1931,65245.75,36,9.0,1
226,B,16000.51,8.13,0.0905,69529.77,36,1.0,0
227,G,20934.68,27.48,0.362,56685.99,60,8.0,1
228,B,12479.3,7.43,0.2066,52837.08,36,9.0,0
229,E,15164.68,16.69,0.3891,41237.21,36,10.0,0
230,D,13295.57,15.26,0.2479,42959.86,60,11.0,0
231,E,21156.64,18.27,,44020.44,60,5.0,0
232,C,14028.14,10.55,0.1881,85672.22,36,7.0,0
233,C,15365.22,11.74,0.2019,70309.06,36,0.0,0
234,C,10595.25,12.74,0.186,39640.38,36,6.0,0
235,A,9224.76,4.99,0.1202,59191.95,36,5.0,0
236,D,16330.24,15.96,0.2214,61709.81,60,12.0,0
237,B,6883.8,11.22,0.2003,48682.86,36,11.0,0
238,A,6030.88,4.49,,56943.88,60,,0
239,D,13620.15,15.92,0.3242,79209.27,36,0.0,0
240,A,1922.95,4.24,0.193,58959.24,36,4.0,0
241,F,22305.05,21.23,,62184.0,60,8.0,0
242,F,14266.88,21.62,0.2952,67595.82,36,0.0,0
243,F,17455.38,21.78,0.3746,31797.68,60,,0
244,B,8980.92,9.04,0.0788,48980.67,60,10.0,0
245,A,1933.83,8.52,0.0704,65029.62,36,1.0,0
246,F,16992.5,21.43,0.4162,25404.7,36,0.0,0
247,C,11243.29,11.38,0.2443,62178.61,36,6.0,0
248,G,23935.88,25.91,0.5188,36298.27,60,,1
249,G,21676.71,26.59,0.4102,46490.44,36,10.0,1
250,E,15773.04,19.4,0.2633,75144.98,36,12.0,1
251,B,11468.49,10.43,0.1531,79714.73,36,,0
252,B,6297.59,4.86,0.141,73806.32,60,4.0,0
253,E,21959.42,15.42,0.2918,15000.0,36,11.0,0
254,B,6438.38,7.76,0.1486,72980.77,36,4.0,0
255,A,4221.1,6.65,0.0441,101007.3,60,3.0,0
256,C,15387.68,9.65,0.2169,15000.0,36,4.0,0
257,F,20888.38,17.99,0.2655,57408.89,36,9.0,1
258,D,14074.51,16.36,0.207,52131.55,60,11.0,1
259,C,6918.36,12.37,0.1929,44703.69,60,,0
260,A,4705.73,3.36,0.01,84420.31,36,5.0,0
261,C,14961.27,10.52,0.2461,90774.71,36,11.0,0
262,G,18064.41,24.55,0.2768,53954.15,36,0.0,1
263,A,9583.12,5.17,0.1402,63318.54,36,9.0,0
264,C,11657.37,11.06,0.1224,43017.54,60,4.0,0
265,E,13235.91,19.74,0.2757,52603.3,36,4.0,0
266,D,12694.03,11.22,0.2811,70717.05,60,4.0,1
267,D,15943.85,14.21,0.3819,48033.05,36,4.0,1
268,D,17683.32,13.81,0.257,49773.11,60,,0
269,B,9685.54,8.12,0.031,115796.0,36,11.0,0
270,B,11795.29,7.69,0.2072,84415.74,60,5.0,0
271,E,15047.66,20.2,0.2861,70702.32,36,10.0,1
272,E,16025.68,16.21,0.3042,23714.85,60,8.0,0
273,E,18282.51,19.07,0.3335,37270.6,36,3.0,0
274,F,19373.77,23.34,0.2165,46344.27,36,6.0,1
275,C,12824.68,14.78,0.2004,41979.52,60,7.0,1
276,C,8626.17,11.28,0.1754,88807.15,36,0.0,0
277,E,14572.64,19.49,0.3733,75385.62,36,4.0,1
278,D,17272.36,12.79,0.2936,45396.18,60,12.0,0
279,D,12967.54,11.91,0.1524,87110.53,60,7.0,1
280,E,18885.38,20.27,0.3758,49923.46,36,3.0,1
281,E,18450.39,18.99,0.327,96609.01,36,2.0,1
282,B,12000.94,10.27,0.0572,67604.35,36,2.0,0
283,B,8842.47,6.44,0.1533,75371.47,60,,0
284,A,10322.36,5.78,0.1621,95198.26,36,2.0,0
285,C,9301.83,14.8,0.1272,82997.4,60,1.0,1
286,A,3254.07,5.63,0.1827,79193.18,36,3.0,0
287,C,9818.03,12.41,,57459.47,36,,0
288,C,11204.44,12.01,0.1525,69254.39,36,1.0,1
289,B,10012.48,6.14,0.0934,50308.68,60,,0
290,C,12286.01,14.03,0.2826,62738.41,36,0.0,0
291,A,1048.69,4.08,0.0705,50032.46,36,,0
292,A,11357.32,5.76,0.0302,37944.13,36,2.0,0
293,E,10644.6,16.66,0.3267,50907.68,36,5.0,0
294,B,14772.05,6.73,0.1897,87721.0,36,4.0,0
295,A,2160.39,7.15,0.1401,86664.48,36,3.0,0
296,C,10566.92,11.48,0.1837,58525.58,60,10.0,0
297,D,16761.35,17.68,0.2653,86445.81,36,5.0,1
298,B,5744.29,8.38,0.111,54756.89,36,1.0,1
299,D,14733.25,12.74,0.3505,20479.01,60,3.0,0
300,A,6182.18,6.34,0.1687,30722.18,36,,0
301,A,1647.55,4.12,0.165,48738.56,60,12.0,0
302,C,6717.88,13.05,0.2476,74699.25,36,2.0,0
303,C,10108.11,12.04,0.2312,48573.55,36,1.0,1
304,D,7584.88,13.19,0.1753,63297.26,36,5.0,0
305,D,14655.45,15.75,0.288,84633.1,36,5.0,1
306,G,27480.34,29.29,0.4069,20198.25,36,4.0,1
307,C,8464.22,12.74,,68613.0,36,5.0,0
308,B,10724.19,8.41,0.1984,74701.34,60,2.0,0
309,E,18330.73,20.61,0.333,34506.72,36,1.0,0
310,B,12893.35,8.82,0.0489,89375.8,36,6.0,0
311,C,14318.45,12.31,0.1947,54821.27,36,11.0,0
312,A,11450.69,3.36,0.0665,63092.45,60,1.0,0
313,A,4837.03,5.35,0.1151,108009.04,36,8.0,0
314,G,24645.53,27.55,0.3751,49409.8,36,4.0,1
315,E,16117.31,17.75,,66655.23,60,3.0,0
316,D,15333.82,17.64,0.2775,79388.07,60,,1
317,B,9362.45,8.36,0.1241,53291.47,36,4.0,0
318,A,3560.67,3.67,0.1073,92496.78,60,6.0,0
319,A,9331.52,6.5,0.01,60965.91,36,4.0,0
320,B,11570.89,8.07,0.1001,55196.78,60,1.0,1
321,C,10180.62,13.14,0.2394,55104.0,60,6.0,0
322,D,20472.9,15.06,0.1762,43802.83,60,4.0,1
323,D,10709.68,15.41,,69798.82,60,1.0,0
324,B,8560.03,9.24,0.2085,69809.79,36,6.0,0
325,F,19679.94,22.94,0.3339,36157.96,36,0.0,0
326,D,13293.09,12.51,0.4299,67141.09,36,2.0,0
327,C,6385.34,10.32,0.2746,55046.72,36,9.0,1
328,C,12167.03,13.39,0.143,54094.73,36,0.0,0
329,B,6978.42,8.3,0.1948,65876.31,60,7.0,0
330,B,5991.44,7.71,0.154,73342.29,36,11.0,0
331,B,4010.81,6.46,0.1034,72017.26,36,1.0,0
332,D,8760.02,13.88,0.1858,48461.51,36,4.0,0
333,A,11919.61,3.0,0.1597,85248.0,60,6.0,0
334,A,8497.74,4.85,0.0641,65996.91,36,4.0,0
335,A,11223.94,4.1,0.0939,58210.28,36,7.0,0
336,A,11168.91,3.55,0.0447,43575.61,60,4.0,0
337,E,15936.96,18.9,0.2551,67697.21,60,1.0,0
338,D,15512.98,16.05,0.2424,55223.02,60,1.0,1
339,C,12786.97,15.14,0.2233,63795.7,60,8.0,0
340,A,10203.62,3.0,0.01,88824.45,36,2.0,0
341,C,13901.61,13.74,0.201,51406.69,60,10.0,0
342,C,10923.57,13.46,0.1552,35260.81,36,8.0,0
343,A,14665.4,3.83,0.1841,71256.05,36,,0
344,C,10544.51,12.3,0.3766,65543.31,36,2.0,0
345,B,9803.87,7.81,0.1284,60268.72,36,3.0,0
346,C,16345.15,12.28,0.0967,86527.28,36,6.0,0
347,D,17146.71,17.76,0.257,15000.0,36,9.0,1
348,A,3224.3,5.91,0.0877,90161.02,36,0.0,0
349,B,8117.2,9.26,0.2683,79240.77,36,2.0,0
350,D,8503.03,14.85,0.35,63221.87,60,4.0,0
351,C,8517.87,9.77,0.2519,15000.0,36,2.0,0
352,E,20372.85,18.69,0.2648,73110.0,60,,0
353,D,11646.04,17.31,0.2907,36524.19,36,5.0,0
354,A,6980.94,3.0,0.1159,60861.54,60,3.0,0
355,A,4925.98,3.42,0.1145,66929.33,60,5.0,0
356,D,12043.62,15.69,,62333.52,60,3.0,0
357,A,8852.17,3.52,0.1637,81509.7,36,3.0,0
358,C,12400.07,10.81,,76071.13,36,2.0,1
359,F,18446.18,21.86,0.3439,59685.36,36,6.0,0
360,C,9330.32,9.95,0.164,64552.69,36,4.0,1
361,B,11106.48,7.04,0.1024,72486.61,36,2.0,0
362,D,19256.07,16.56,0.269,35366.43,60,0.0,0
363,C,14863.52,10.04,0.0951,46481.52,36,1.0,1
364,C,8623.58,9.6,0.2474,76118.28,36,0.0,0
365,F,14739.0,21.55,0.2868,60069.77,36,4.0,0
366,B,11855.82,9.6,0.0265,78028.39,36,2.0,0
367,G,17092.31,25.7,0.5093,30740.5,60,4.0,1
368,F,20413.23,21.8,0.2985,61388.86,60,3.0,0
369,A,5717.83,5.07,0.0567,49097.6,36,5.0,0
370,A,10065.45,3.0,0.1681,89392.48,36,8.0,0
371,A,11025.46,5.74,,65304.33,60,5.0,0
372,A,11225.23,5.58,0.01,100315.07,36,0.0,0
373,A,1000.0,4.39,0.0426,42614.04,60,0.0,0
374,D,14686.1,17.01,0.197,86741.27,60,2.0,0
375,A,7660.89,3.31,0.1561,63493.64,36,,0
376,B,12502.11,10.19,0.2483,58169.37,36,,0
377,E,15849.26,19.23,0.2352,53507.1,36,3.0,1
378,A,2075.6,4.5,,57452.58,60,10.0,0
379,E,11589.86,18.97,0.2575,48698.08,36,1.0,0
380,B,4938.55,8.34,0.1702,51722.73,36,11.0,0
381,A,3740.5,6.83,0.0237,57380.86,60,,0
382,D,11323.42,13.88,0.2427,63763.95,60,10.0,0
383,D,16789.31,14.36,0.2433,38771.82,36,10.0,0
384,E,17114.74,20.55,0.2811,36172.5,36,1.0,1
385,D,19733.97,14.61,0.2731,30289.76,36,1.0,0
386,E,16838.94,20.35,0.2396,40929.25,36,1.0,0
387,B,7066.51,11.05,0.097,88608.84,36,1.0,0
388,A,7386.88,4.4,0.1263,54773.19,60,3.0,0
389,D,14677.57,16.52,,41830.6,36,10.0,0
390,E,12977.83,17.27,0.2986,53490.6,36,2.0,1
391,G,22391.05,27.13,0.4302,33325.66,36,2.0,1
392,B,7894.09,8.8,0.1955,105106.78,36,7.0,0
393,B,10653.26,9.21,0.1998,62074.5,60,1.0,0
394,D,14075.73,14.53,0.1928,61033.93,60,3.0,0
395,B,6990.74,6.01,0.1034,81987.84,60,,0
396,F,21447.16,23.25,0.3086,61642.4,60,10.0,0
397,E,15994.45,15.9,0.4157,54199.18,60,5.0,1
398,C,10014.07,11.52,0.2305,57099.71,36,7.0,0
399,D,10706.08,16.91,0.2778,91432.51,36,1.0,0
400,D,16886.25,15.79,0.272,53204.32,60,11.0,1
401,A,8767.72,7.92,0.0208,62049.58,36,3.0,0
402,F,21757.5,24.04,0.4663,33374.72,36,,0
403,C,11505.23,11.02,0.2288,28917.54,36,12.0,0
404,E,17409.14,19.04,0.3434,64789.08,36,5.0,0
405,B,6458.54,8.43,0.0441,22734.77,36,5.0,0
406,E,18283.67,16.63,0.3468,49896.99,60,1.0,0
407,B,5442.35,7.09,0.1286,61312.51,36,4.0,0
408,A,3363.83,4.16,0.0206,110319.37,60,10.0,0
409,F,23153.68,19.45,0.2928,15000.0,36,1.0,0
410,A,4646.7,5.07,0.0241,53780.14,36,11.0,0
411,B,7917.97,8.13,0.0731,62550.26,36,7.0,0
412,F,15932.16,19.99,0.3536,41444.47,36,4.0,1
413,F,18026.97,23.11,0.3268,35108.2,60,6.0,1
414,C,12477.42,13.07,0.22,58542.22,36,1.0,0
415,D,13205.74,15.84,0.3506,32327.87,36,2.0,1
416,C,12554.1,11.51,0.1922,66429.47,36,3.0,0
417,B,9640.02,9.39,0.0153,23213.26,36,4.0,0
418,B,7708.28,9.52,0.1355,64536.15,36,11.0,0
419,D,12999.34,15.96,0.3216,44193.58,36,3.0,0
420,D,11654.48,14.26,,73293.18,36,5.0,0
421,E,14354.83,19.41,0.3918,81595.6,60,,0
422,E,20049.31,20.79,0.3272,44041.06,60,,0
423,A,11066.96,4.11,0.01,95033.07,36,6.0,0
424,C,9666.02,15.15,,54309.91,36,4.0,1
425,A,1715.29,4.21,0.1178,52609.72,60,11.0,0
426,C,9097.49,12.05,0.2648,91426.27,60,11.0,0
427,C,13123.54,10.99,0.3092,69373.98,36,7.0,0
428,E,15633.45,19.33,0.3545,50079.89,36,11.0,1
429,B,10328.42,5.89,0.1764,77369.19,36,6.0,0
430,A,10457.15,4.18,0.1406,74935.87,36,9.0,0
431,A,11037.16,3.36,0.0899,68754.05,36,,0
432,D,14160.52,15.7,0.1622,31124.17,36,1.0,1
433,C,11928.62,13.49,0.2025,55130.34,60,12.0,0
434,A,8692.54,5.97,0.1219,81218.6,36,1.0,0
435,A,6508.14,3.0,0.0278,67790.11,36,2.0,0
436,D,13369.32,18.56,,71241.86,60,1.0,1
437,A,9682.23,5.44,0.1603,76905.79,60,3.0,0
438,E,16702.08,17.84,0.2177,34193.55,36,3.0,0
439,D,14272.1,15.74,0.3319,31254.9,36,6.0,1
440,A,5434.31,5.26,0.0815,67170.79,36,12.0,0
441,A,3231.3,4.0,0.0533,60563.89,36,0.0,0
442,G,18671.3,26.3,0.4648,46053.79,36,9.0,1
443,B,7552.11,7.59,0.1469,52073.52,36,1.0,0
444,B,6665.75,7.89,,53922.94,36,0.0,0
445,E,17788.36,17.97,0.2488,68955.25,60,7.0,1
446,F,13146.89,20.35,0.2461,47667.65,36,10.0,0
447,G,16894.96,26.22,0.3832,27350.91,36,1.0,1
448,D,12471.08,16.38,0.2974,55317.55,36,3.0,1
449,B,6850.54,9.27,0.0944,89820.4,60,1.0,0
450,A,1556.14,6.23,0.0202,75288.16,60,,0
451,D,13541.4,15.99,,65673.11,60,2.0,1
452,C,10128.12,11.2,0.1122,46459.78,60,4.0,0
453,C,19573.65,13.26,0.2184,78475.55,36,,0
454,F,18449.92,20.46,0.3296,86725.84,36,6.0,1
455,A,3609.46,3.65,0.1297,55753.58,36,11.0,0
456,C,10105.93,10.55,0.117,38725.91,36,11.0,1
457,A,7517.22,6.62,0.1779,73159.76,36,5.0,0
458,C,11094.88,13.41,0.189,75759.09,36,6.0,0
459,A,7814.77,5.73,0.1458,68354.99,36,2.0,0
460,A,6967.25,6.61,0.1576,51042.28,36,12.0,0
461,A,9134.49,3.68,0.0306,68045.49,60,2.0,0
462,D,18625.23,16.02,0.3029,65765.66,36,9.0,1
463,D,10448.84,15.31,0.1645,47673.43,36,3.0,0
464,C,16653.42,13.27,0.1178,70930.59,36,,0
465,G,24201.53,25.83,,60964.79,60,1.0,1
466,B,10422.65,7.92,0.2167,69324.15,60,6.0,0
467,B,6852.19,9.31,0.2744,64496.94,36,2.0,1
468,E,15980.74,20.31,0.2778,64928.19,36,1.0,0
469,B,12205.18,7.5,0.1561,49590.19,60,2.0,0
470,G,22808.76,25.91,,22815.22,36,2.0,0
471,A,11950.61,3.41,0.0993,65201.7,60,5.0,0
472,G,21811.3,22.25,0.3552,31146.17,36,4.0,1
473,A,5907.74,5.3,0.0462,55539.84,36,0.0,0
474,E,17903.8,19.91,0.3128,82948.43,60,5.0,0
475,C,8013.67,12.39,0.136,99095.88,36,9.0,0
476,G,20361.02,23.08,0.3343,33633.31,36,6.0,1
477,A,1000.0,4.47,0.1236,71650.94,36,12.0,0
478,C,9315.7,8.67,0.1943,56618.83,60,1.0,1
479,G,18119.24,28.05,0.4562,59934.99,36,9.0,1
480,C,10194.68,10.37,,83501.62,36,5.0,0
481,D,13377.75,17.38,,23009.25,36,,1
482,D,18177.1,16.92,0.2754,63568.19,60,5.0,1
483,C,14933.84,10.65,,36477.22,36,3.0,0
484,D,10140.62,13.8,0.2105,86648.9,36,3.0,0
485,C,9155.06,12.53,0.1629,67924.46,36,,0
486,F,14711.6,21.23,0.3374,30179.71,60,0.0,1
487,A,1266.44,5.15,0.2063,65656.22,60,6.0,0
488,B,7169.47,7.78,0.0674,59798.41,36,8.0,1
489,F,24076.97,19.83,0.4277,54452.03,60,3.0,1
490,E,21463.19,15.65,0.3443,68754.43,36,2.0,1
491,C,10871.4,12.34,0.294,39332.27,36,2.0,1
492,D,11364.65,14.66,0.4382,88097.58,60,1.0,0
493,B,6139.83,7.67,0.2359,93902.42,36,1.0,0
494,A,5114.62,6.04,0.1555,54244.18,60,1.0,0
495,C,8972.93,13.76,0.1213,61310.43,60,0.0,0
496,B,9034.86,8.09,0.0788,95794.55,36,2.0,0
497,C,12946.94,11.49,0.2216,82192.53,36,3.0,0
498,A,2674.19,5.75,0.01,63938.63,60,12.0,0
499,G,22801.94,23.96,0.4369,54658.12,36,12.0,1
500,G,20863.11,26.33,0.2719,93949.57,36,2.0,1
501,D,13640.51,16.33,0.3191,56892.88,36,2.0,0
502,C,15664.32,13.02,0.1807,48612.33,36,5.0,0
503,B,10529.42,5.59,0.1576,68103.56,60,1.0,0
504,E,10528.3,17.86,0.2551,54437.94,36,5.0,1
505,D,12499.64,14.18,0.1361,45558.34,60,4.0,1
506,A,9239.3,5.15,0.1741,77949.25,60,3.0,0
507,F,16203.35,23.22,0.4301,22420.78,36,9.0,1
508,E,12040.13,21.25,0.2789,38020.39,36,9.0,0
509,F,19113.27,21.76,0.3897,58648.41,60,12.0,1
510,D,16240.75,14.75,0.2265,23412.32,60,2.0,0
511,C,13352.02,13.72,0.2173,76257.02,36,10.0,0
512,B,12762.0,8.94,0.1955,28784.34,36,5.0,0
513,F,18372.74,24.4,0.3833,15000.0,36,6.0,0
514,E,12727.28,19.43,0.3805,41018.38,36,11.0,0
515,A,9881.07,3.26,0.1311,75163.55,36,11.0,0
516,A,9567.48,3.0,0.1017,93854.74,60,8.0,0
517,B,7807.19,6.17,0.1043,66037.21,36,,0
518,E,16660.81,19.99,0.2713,45562.04,60,5.0,1
519,G,19137.92,27.78,0.4486,50432.46,60,,0
520,A,9012.35,7.77,0.01,54323.82,36,,0
521,C,11048.45,13.26,0.2663,62509.47,36,7.0,0
522,B,10602.95,10.24,0.1331,43409.97,60,3.0,0
523,G,24508.84,25.13,0.3509,41486.63,60,,1
524,E,16796.6,17.27,0.2341,47662.95,60,0.0,0
525,E,21176.3,20.28,0.3405,35523.18,36,11.0,1
526,C,12437.59,12.63,0.1991,62970.73,36,1.0,1
527,B,8445.28,8.66,0.2453,67853.89,60,6.0,0
528,B,12650.05,9.08,0.0742,86158.17,36,10.0,0
529,A,5924.23,5.48,0.0653,41098.6,60,4.0,0
530,E,17187.45,20.93,0.2945,48631.12,36,9.0,0
531,E,19885.27,20.94,0.2549,36315.28,60,9.0,1
532,G,22847.3,26.82,0.4004,55655.72,36,0.0,1
533,G,22509.19,27.27,0.4192,53570.42,60,4.0,1
534,C,7391.25,12.77,0.2291,69141.84,36,8.0,0
535,D,13053.68,14.81,0.3404,42331.0,60,4.0,0
536,F,20345.26,23.63,0.2718,60938.47,36,,1
537,E,16442.42,16.91,0.3203,22457.64,36,6.0,1
538,B,8851.4,10.08,0.1112,33764.41,36,1.0,0
539,C,14271.13,10.21,0.2258,37034.32,60,4.0,0
540,A,1560.03,5.43,0.1259,69397.45,36,,0
541,F,19393.67,21.23,,57152.96,36,1.0,1
542,C,14779.39,12.83,0.1459,15000.0,36,5.0,0
543,B,8014.97,8.45,0.1807,88809.37,36,6.0,0
544,D,9395.44,13.11,0.2514,57360.02,36,1.0,0
545,C,12677.14,12.63,0.1868,31780.1,36,8.0,0
546,B,6564.87,7.63,,66817.05,60,4.0,0
547,A,5908.09,6.32,0.1439,89665.46,36,11.0,0
548,D,15744.14,15.5,0.2182,65789.94,60,4.0,0
549,C,16043.06,12.59,0.1489,79783.32,60,1.0,0
550,D,15275.13,14.06,0.1743,30407.56,60,8.0,0
551,C,10069.03,11.12,0.202,52547.91,60,6.0,0
552,E,19323.97,18.31,0.2146,33355.54,36,4.0,1
553,C,9702.37,13.29,0.206,90916.44,60,3.0,0
554,C,12444.8,14.52,0.273,71508.53,36,1.0,1
555,E,18949.61,17.79,0.2788,101246.17,36,,1
556,B,9145.98,10.12,0.1178,56583.03,60,0.0,0
557,A,5620.84,3.0,0.2199,56955.86,60,5.0,0
558,A,9512.94,3.21,0.1906,67429.12,36,11.0,0
559,D,12686.59,14.06,0.2041,79810.43,36,9.0,0
560,D,11462.89,13.47,0.2583,48409.85,36,0.0,1
561,D,13737.61,13.12,0.2697,57239.88,36,10.0,0
562,B,7318.98,9.12,0.1622,66740.43,60,4.0,0
563,A,6033.55,4.68,0.2089,70710.94,36,2.0,0
564,A,1663.18,5.57,0.1052,58256.83,36,8.0,0
565,B,6384.53,9.54,0.1642,62528.76,36,,0
566,C,10031.64,12.4,0.2413,56758.15,60,2.0,0
567,B,8106.86,9.49,0.2214,64863.84,60,1.0,0
568,C,12866.99,11.9,0.2562,76983.3,60,5.0,0
569,F,20917.5,20.72,0.3823,76691.3,36,1.0,1
570,B,6701.64,10.09,0.0565,49872.17,60,9.0,0
571,C,6334.5,11.12,0.1707,52944.11,36,5.0,0
572,E,18829.06,17.6,0.3492,35149.79,60,4.0,0
573,B,2218.42,8.23,0.165,68367.83,36,0.0,0
574,D,14238.8,14.13,0.2996,45309.71,36,9.0,0
575,E,15337.82,18.37,0.4132,54316.34,36,5.0,1
576,F,20905.23,23.02,0.2794,64865.28,36,4.0,1
577,A,10388.55,5.52,0.1683,24535.03,36,9.0,0
578,F,16225.13,21.15,0.3302,53852.04,60,,1
579,C,8580.19,11.27,0.2561,51716.63,36,3.0,0
580,B,13003.17,10.11,,73287.6,36,6.0,0
581,C,19141.36,12.74,0.3276,43863.55,36,,1
582,G,23611.06,29.11,,61532.7,36,2.0,1
583,C,14314.38,13.77,0.1616,76439.05,60,3.0,0
584,B,8968.71,10.22,,75230.34,36,3.0,0
585,D,16246.92,13.42,0.2694,69278.06,60,12.0,0
586,B,7218.89,9.65,0.2183,51578.83,36,3.0,0
587,A,7653.4,4.92,0.1269,58846.77,60,2.0,0
588,A,3358.13,4.17,0.2485,83543.85,36,9.0,0
589,A,7236.86,5.25,0.0933,56180.88,60,4.0,1
590,A,7385.4,6.42,0.094,96021.43,36,4.0,0
591,A,2723.24,5.75,0.0638,64175.36,60,6.0,0
592,D,17239.66,14.18,,64034.1,36,,0
593,A,7686.37,6.11,0.1139,107786.49,36,6.0,0
594,B,12479.26,7.54,0.1669,52287.98,36,0.0,0
595,E,20619.34,19.33,0.304,51237.71,60,9.0,0
596,C,14878.39,11.54,0.1634,78975.3,36,2.0,0
597,D,11431.03,15.17,0.1971,72122.99,36,3.0,1
598,A,9302.3,6.15,0.0775,64099.32,60,1.0,0
599,A,10155.56,3.44,0.1685,60698.85,60,9.0,0
600,A,2402.22,7.92,0.1814,65803.55,60,6.0,0
601,A,4210.38,3.0,0.0954,96061.44,36,8.0,0
602,B,14991.03,7.6,0.0935,59976.09,36,7.0,0
603,A,6219.49,5.56,,71406.08,36,1.0,0
604,A,9211.75,5.88,0.2255,62317.84,60,3.0,0
605,A,4308.37,4.85,0.1599,82699.87,60,,0
606,C,9052.17,11.91,,62799.45,60,3.0,0
607,B,10268.3,9.12,0.2078,46938.19,60,2.0,0
608,B,3123.14,8.15,0.2424,47561.17,60,10.0,0
609,C,9721.98,14.09,0.1308,24025.1,60,,1
610,D,16468.61,16.76,0.2265,40036.21,36,3.0,0
611,A,1000.0,6.31,0.0683,84291.02,60,9.0,0
612,E,14941.48,17.55,0.3352,73827.69,60,7.0,0
613,D,12512.25,15.38,0.2596,67340.05,36,0.0,0
614,A,2306.85,4.55,0.1454,79983.38,36,4.0,0
615,E,19244.86,17.49,0.2696,47722.53,36,,0
616,F,18814.56,23.04,0.4323,58948.46,60,2.0,1
617,A,7874.71,4.19,0.0958,75153.01,60,2.0,0
618,B,7640.78,9.48,0.1917,97480.08,36,11.0,0
619,E,16516.09,17.39,0.3717,48227.98,60,,1
620,D,12107.41,18.08,0.3169,79174.15,36,10.0,1
621,A,3355.23,3.66,0.1216,85734.05,60,2.0,0
622,B,13115.19,8.83,0.1992,78237.98,60,1.0,0
623,B,13103.76,9.69,0.2545,28793.16,60,10.0,0
624,C,13855.49,11.14,0.2308,76725.41,36,5.0,0
625,C,10871.13,13.28,,57704.86,60,11.0,0
626,B,6213.15,6.66,0.185,57009.32,36,0.0,0
627,C,10192.52,14.18,0.1978,33307.57,36,11.0,1
628,D,17071.86,15.52,0.1091,54899.43,36,4.0,0
629,A,9505.73,4.11,0.1277,70603.93,60,1.0,0
630,B,6260.83,8.05,,41545.97,60,7.0,0
631,D,11404.69,16.71,,28480.96,36,9.0,1
632,E,18391.07,18.12,0.255,58759.15,60,0.0,1
633,C,10966.93,10.88,0.1097,75690.69,36,12.0,1
634,C,16496.95,11.67,0.2101,63425.09,36,8.0,1
635,A,7991.61,3.23,0.1228,90715.02,36,3.0,0
636,C,14272.8,14.73,0.2056,58445.07,36,1.0,0
637,C,12438.73,11.15,0.2012,59021.68,60,4.0,1
638,B,12369.79,9.75,0.0859,48493.5,60,2.0,0
639,B,13808.81,8.81,0.1417,36915.64,36,,0
640,B,12506.07,7.02,0.1291,98383.92,60,9.0,0
641,A,6604.0,4.99,0.1644,90363.38,36,7.0,0
642,B,9575.5,9.68,0.1728,39934.77,36,4.0,0
643,B,11104.09,8.22,,67803.53,36,1.0,0
644,B,8350.13,10.29,0.2534,63199.17,60,12.0,0
645,A,6898.51,6.53,0.0839,65068.14,60,2.0,0
646,E,17035.82,20.38,0.3335,42637.68,36,2.0,1
647,C,9328.73,11.31,0.19,66862.84,36,7.0,0
648,D,14816.38,13.88,0.3479,69727.16,36,9.0,0
649,E,10191.45,18.08,0.3052,57243.04,36,12.0,1
650,C,10922.3,12.29,0.207,57830.67,60,12.0,0
651,A,6007.86,5.82,0.0916,67169.92,36,11.0,0
652,C,9327.93,8.74,0.2118,76862.66,60,4.0,0
653,C,10013.48,11.99,0.272,68342.01,36,1.0,0
654,D,15527.85,15.74,0.3008,56308.41,36,6.0,0
655,C,16513.43,11.58,0.2017,59353.78,36,0.0,0
656,A,8280.43,6.94,,76214.87,36,2.0,0
657,B,7904.7,9.13,0.2024,56569.72,60,0.0,0
658,B,5675.73,10.47,0.1237,79787.7,36,2.0,0
659,D,14048.55,15.18,0.1672,35634.55,36,5.0,0
660,C,7280.66,13.41,,52593.78,60,4.0,0
661,B,7775.27,10.95,0.1748,75999.91,60,3.0,0
662,G,20164.01,27.97,0.4358,19608.11,60,,0
663,C,7981.39,10.36,0.2815,31685.85,36,7.0,0
664,B,10875.12,8.12,0.0843,66135.4,36,11.0,1
665,A,8492.6,4.48,0.0737,39463.75,60,4.0,0
666,A,5359.79,5.73,0.0293,46621.54,60,2.0,0
667,B,12198.85,9.53,0.0697,78618.69,36,1.0,0
668,A,11367.66,3.74,0.0623,66313.87,36,7.0,0
669,A,7122.5,5.1,0.122,93138.77,36,10.0,0
670,B,9008.92,5.47,0.1963,43313.34,36,2.0,0
671,A,10599.43,7.16,0.0431,68308.86,36,10.0,0
672,E,15072.27,18.23,0.2514,57192.52,36,5.0,1
673,A,8071.56,5.08,0.01,48930.73,36,1.0,0
674,C,9585.1,11.54,0.2129,78571.71,36,7.0,0
675,B,9604.57,10.22,0.1061,74192.22,36,5.0,0
676,G,19417.23,21.74,0.4998,15000.0,36,0.0,1
677,A,3405.0,4.98,0.1246,69320.65,36,4.0,0
678,B,8521.48,8.34,,71947.22,60,9.0,0
679,G,21292.4,25.32,0.3615,29378.98,36,,1
680,E,15782.52,21.59,0.2103,23362.43,60,3.0,1
681,E,15476.69,17.67,0.2179,55012.26,60,11.0,0
682,B,13163.95,9.66,0.1127,104802.37,36,2.0,0
683,A,4533.61,5.53,0.0581,63034.29,36,2.0,0
684,D,19072.56,17.39,0.19,83246.34,36,3.0,0
685,F,22712.97,21.5,0.3726,31458.8,60,11.0,1
686,C,15617.0,10.9,0.2309,63879.82,36,5.0,1
687,C,12723.39,13.64,0.1725,73887.41,36,7.0,0
688,B,12693.93,9.14,0.2661,64848.55,60,,0
689,D,16169.5,13.18,0.1452,49640.76,60,9.0,0
690,A,6826.34,4.19,0.1035,83070.3,36,,0
691,B,8689.3,9.08,0.1369,99046.19,60,9.0,0
692,C,13097.77,13.26,0.167,65410.56,36,8.0,1
693,C,5932.65,10.98,0.1581,50710.92,60,2.0,1
694,B,8462.72,4.13,0.1496,61584.47,36,,0
695,A,4792.87,5.78,0.0865,115354.74,60,8.0,0
696,C,14867.76,10.17,0.1765,62428.33,36,2.0,1
697,B,6823.65,5.47,0.0721,54300.55,36,2.0,0
698,C,8836.5,7.75,,39388.78,36,8.0,0
699,A,2029.8,6.22,0.0827,37133.78,60,10.0,0
700,C,11293.33,12.19,0.1759,66544.52,36,0.0,1
701,C,12621.72,11.66,0.1882,71783.56,36,4.0,0
702,A,8501.58,7.08,0.0935,62859.47,36,6.0,0
703,B,9775.6,9.46,0.1186,64730.53,36,,0
704,A,1702.11,7.42,0.0873,48931.69,60,12.0,0
705,A,7034.45,3.0,0.0488,72392.71,60,7.0,0
706,G,17782.07,25.95,0.4914,48666.92,60,7.0,1
707,B,8046.99,6.07,0.102,55367.04,60,12.0,0
708,E,12989.21,18.66,0.2777,80428.15,36,0.0,1
709,B,9175.2,8.13,0.1066,49932.09,36,0.0,0
710,D,10968.54,16.44,0.2056,60102.58,36,6.0,0
711,D,16008.17,15.57,0.2515,70269.71,60,,1
712,C,11517.88,12.94,0.1939,58608.79,60,1.0,0
713,C,17482.02,13.06,0.1724,56607.42,36,3.0,0
714,B,10299.24,11.73,0.133,39280.41,36,7.0,0
715,B,3488.56,8.03,0.1068,89432.15,36,10.0,0
716,F,18927.87,21.09,,41941.92,36,1.0,0
717,E,17010.95,19.37,0.4233,59672.58,60,,0
718,G,17588.19,24.8,0.3475,52108.97,36,3.0,1
719,A,1427.82,7.22,0.1236,58690.63,60,7.0,0
720,D,15703.11,15.08,0.2527,51444.49,60,6.0,1
721,F,22851.29,21.65,0.3901,69020.68,60,11.0,1
722,A,7215.05,4.29,0.1418,49890.44,60,0.0,0
723,A,6870.44,6.08,,108302.53,36,5.0,0
724,D,12024.11,15.26,0.2476,41592.29,60,2.0,0
725,C,9363.45,11.04,0.1739,38768.69,36,5.0,1
726,E,20292.4,21.5,,52381.56,60,10.0,0
727,A,6818.06,3.72,0.0942,109750.27,36,11.0,0
728,E,17152.16,19.05,0.2229,15602.61,36,4.0,0
729,B,4303.88,9.48,0.1144,62461.72,36,9.0,0
730,A,7773.28,3.0,0.1664,78572.77,36,3.0,0
731,A,7630.39,5.72,0.1059,70605.7,60,0.0,0
732,E,17320.03,17.42,0.3536,56874.59,60,10.0,0
733,D,16080.69,16.73,0.3382,42075.4,36,1.0,1
734,C,13035.81,10.56,0.1894,49205.01,36,0.0,1
735,B,13909.24,9.54,0.1624,62328.39,60,,0
736,E,16685.83,20.66,0.2819,29662.01,36,4.0,0
737,B,4585.77,9.79,0.1012,64195.64,60,0.0,0
738,E,17062.35,19.38,0.2428,43002.58,36,9.0,0
739,C,18299.7,11.65,0.2506,51539.19,60,4.0,0
740,B,13746.31,7.64,0.1625,70769.12,60,5.0,0
741,C,13868.43,14.21,0.3108,27228.13,36,2.0,0
742,B,11619.01,7.45,,60876.38,36,5.0,0
743,D,18412.83,13.94,0.2061,96712.37,60,9.0,0
744,C,13315.91,13.0,0.2504,40450.03,60,11.0,0
745,B,6906.5,7.31,0.1317,88139.01,60,12.0,0
746,E,17130.52,17.57,0.373,50983.81,36,4.0,0
747,B,11682.11,6.33,0.1208,54146.76,36,,0
748,C,8626.14,11.28,0.1369,36228.45,36,3.0,0
749,F,16636.42,22.38,0.3023,47514.28,36,0.0,1
750,D,11964.99,15.86,0.2053,81161.15,60,9.0,1
751,A,9014.3,6.43,0.0496,62994.2,36,1.0,0
752,F,22476.98,23.29,0.3156,43542.69,60,0.0,0
753,D,14054.0,15.21,,73186.68,60,11.0,0
754,B,9182.58,8.2,0.2578,71135.67,60,9.0,0
755,A,1000.0,5.77,0.0202,41699.04,36,1.0,0
756,E,15196.99,20.91,0.3758,51779.97,36,9.0,1
757,D,13544.12,15.69,0.2213,82220.23,60,10.0,0
758,C,14018.09,11.3,0.2209,59335.06,36,11.0,1
759,E,18263.59,17.51,0.2008,15000.0,60,6.0,1
760,E,18856.26,16.83,0.3314,56987.87,60,8.0,0
761,A,2179.35,6.0,0.01,66427.78,36,,0
762,B,9753.2,9.37,0.1688,32076.3,36,7.0,1
763,B,4754.7,9.37,0.1654,34774.25,36,7.0,0
764,D,15334.86,15.31,0.2615,72551.93,60,6.0,0
765,A,8276.68,7.11,,56817.11,36,5.0,0
766,C,8385.21,11.27,0.233,43665.07,60,12.0,1
767,D,13289.03,16.93,0.2735,54358.51,60,3.0,0
768,E,13274.88,18.94,0.2874,38404.35,36,1.0,1
769,B,9737.77,7.59,0.1903,66800.88,60,9.0,0
770,E,14662.08,19.89,0.2943,46351.04,60,2.0,1
771,A,1000.0,5.61,0.1317,48400.08,60,5.0,0
772,E,19694.99,19.54,0.2924,40798.44,36,1.0,0
773,A,6241.03,5.12,0.113,77969.56,36,6.0,0
774,B,3837.97,8.44,0.1845,65754.52,36,11.0,0
775,E,17596.4,22.58,0.2761,48525.04,36,8.0,0
776,A,9325.82,6.78,0.026,104872.92,36,2.0,0
777,B,10112.25,9.58,0.1666,78158.68,60,12.0,1
778,D,14316.94,15.67,0.3214,70343.94,36,3.0,1
779,D,10321.49,17.01,0.2679,52012.57,60,4.0,0
780,D,9724.73,16.28,0.2691,58962.61,36,5.0,0
781,D,19925.99,15.54,,47240.2,36,12.0,1
782,C,12632.91,11.54,0.2443,73995.9,36,0.0,0
783,B,7656.59,8.38,0.1388,63012.8,60,8.0,0
784,B,7344.29,3.74,0.1228,69002.8,36,3.0,0
785,A,5676.34,5.32,0.1663,72891.0,36,0.0,0
786,F,18799.19,21.77,0.3182,44673.0,60,11.0,0
787,C,11741.29,14.39,0.2534,112887.39,36,6.0,0
788,B,10308.42,8.53,0.2164,53000.85,60,8.0,0
789,C,11463.28,10.22,,47837.19,36,2.0,0
790,F,20097.91,22.43,,57493.74,36,9.0,1
791,A,5818.49,3.43,0.1016,59286.96,36,9.0,0
792,C,13107.21,12.71,,54754.69,60,4.0,1
793,C,19078.88,12.44,0.1702,40444.6,60,6.0,0
794,C,10834.37,13.44,0.2086,68848.04,36,12.0,1
795,A,6650.62,3.81,0.1462,79076.63,36,10.0,0
796,E,19015.23,19.05,0.2725,44326.54,36,4.0,1
797,F,23912.36,20.45,,57866.7,36,7.0,0
798,C,14479.14,13.05,0.1855,26553.75,36,9.0,1
799,D,16060.22,16.28,0.3198,42276.64,36,0.0,0
800,F,14289.68,23.24,0.3346,41940.37,36,6.0,1
801,D,15587.24,15.5,0.1759,33898.92,36,12.0,0
802,A,8786.71,5.62,0.01,38523.17,60,11.0,0
803,C,13805.59,14.41,0.2218,54457.87,60,10.0,0
804,C,17554.8,11.57,0.1544,72492.36,36,1.0,0
805,C,9951.17,12.21,0.2401,83077.95,60,12.0,0
806,D,20494.78,13.87,0.1701,45148.82,36,6.0,1
807,F,23758.07,21.2,0.3177,58197.89,36,2.0,1
808,F,18893.39,22.65,0.2702,56457.76,60,7.0,0
809,C,17237.6,13.66,0.2261,81934.95,60,10.0,0
810,A,4845.04,4.62,0.1389,63696.56,36,1.0,0
811,G,19490.18,25.65,0.4203,15000.0,36,11.0,1
812,E,15526.63,18.39,,51263.35,60,11.0,1
813,A,3090.77,4.2,0.0553,51751.71,60,0.0,0
814,F,18104.38,22.94,0.3641,31976.91,60,11.0,1
815,E,21158.86,16.75,0.1987,44578.06,60,11.0,1
816,C,12294.24,13.92,0.1855,53899.3,36,0.0,0
817,C,5328.06,11.0,0.291,62548.07,36,3.0,1
818,B,12200.29,9.58,0.1392,77656.81,60,,0
819,A,5816.99,3.1,0.0107,63380.76,36,3.0,0
820,B,13956.53,9.5,0.1136,72122.56,36,8.0,0
821,E,19083.68,20.01,,50266.69,60,3.0,0
822,A,7169.02,5.58,0.2284,86838.9,36,12.0,1
823,B,10631.55,7.01,0.2499,61605.35,36,12.0,1
824,B,12219.97,8.87,0.1939,63579.32,36,,0
825,C,6859.66,10.23,0.1794,53260.79,36,5.0,0
826,F,17212.34,22.12,0.422,42079.53,60,6.0,1
827,B,10342.72,10.04,0.082,50897.21,36,6.0,0
828,B,5884.35,9.7,0.2146,49113.25,36,,0
829,D,17106.32,15.52,0.3057,68963.78,36,1.0,0
830,C,10313.38,10.54,0.1909,40502.37,36,0.0,0
831,B,4762.25,9.47,,59255.87,36,1.0,0
832,C,13306.14,12.03,0.1732,78276.17,36,11.0,1
833,A,8604.79,3.0,0.0241,63651.39,60,3.0,0
834,A,6884.75,6.17,0.1587,84917.33,60,0.0,0
835,C,6172.09,11.96,0.1949,49361.18,36,7.0,1
836,B,6912.62,10.3,0.1861,46079.06,36,0.0,0
837,F,16870.75,20.86,0.4593,16293.13,36,0.0,1
838,B,3599.98,3.73,0.1067,88629.03,36,7.0,1
839,C,8780.26,12.42,0.1914,39536.32,36,,0
840,D,13395.48,15.94,0.3442,68449.36,36,0.0,0
841,A,7873.85,3.0,0.1401,52000.95,36,5.0,0
842,D,14422.66,14.03,0.208,78712.91,60,4.0,0
843,A,2460.34,9.13,0.0427,109722.09,60,6.0,0
844,G,23002.14,25.54,0.3683,15000.0,60,8.0,1
845,A,6672.59,6.1,,50474.38,36,3.0,0
846,B,12030.66,7.52,0.1642,78916.37,36,4.0,0
847,A,5628.34,3.0,0.1047,79234.77,36,9.0,0
848,G,18433.39,25.74,0.4168,53984.59,60,11.0,1
849,C,12154.69,11.6,0.1496,49672.4,36,11.0,0
850,C,12982.08,11.4,0.1957,95775.61,36,5.0,0
851,A,2642.78,4.83,0.01,72124.89,36,5.0,0
852,D,12975.9,15.9,0.2587,33094.67,60,5.0,1
853,B,12043.73,8.27,0.2205,60443.33,36,10.0,0
854,E,19409.78,17.1,0.2145,28335.8,36,10.0,1
855,B,5776.9,9.23,0.179,93636.94,60,3.0,0
856,A,4183.54,3.0,0.0633,58114.04,36,1.0,0
857,A,8812.18,3.0,,78864.7,36,,0
858,C,7407.93,13.11,0.2095,51527.88,36,3.0,0
859,C,9038.75,12.76,,48923.03,60,12.0,0
860,A,13856.29,4.91,0.1039,35615.42,36,2.0,0
861,D,12942.65,13.41,0.3297,65767.14,36,2.0,1
862,C,12378.34,10.94,0.2208,83385.26,60,,1
863,C,9632.96,11.61,0.1577,43512.58,36,1.0,1
864,C,13779.2,9.61,0.2059,32185.88,60,2.0,0
865,B,10983.96,7.39,0.1279,79459.69,60,4.0,0
866,C,13051.08,12.98,0.2097,30367.66,36,6.0,0
867,A,7115.72,7.14,0.0748,91951.59,36,3.0,0
868,A,5932.65,4.37,0.0594,53720.89,60,5.0,1
869,E,20175.46,20.13,0.312,30140.73,60,2.0,0
870,F,14508.45,19.63,0.3533,49472.32,60,6.0,0
871,B,14131.73,9.49,0.2138,46313.49,36,4.0,0
872,B,11266.25,7.29,0.1251,52272.0,60,10.0,0
873,D,14075.15,15.96,0.1311,61371.67,36,4.0,0
874,B,10881.72,8.13,0.1282,21275.98,36,4.0,1
875,A,8454.59,6.98,0.01,99563.55,60,6.0,0
876,A,1000.0,3.69,0.1249,70785.52,60,1.0,0
877,D,12405.26,16.44,0.1496,31726.61,36,1.0,0
878,D,13274.17,15.08,0.1907,36689.58,60,9.0,1
879,A,3744.71,4.76,0.0783,87849.63,36,2.0,0
880,B,8562.67,8.22,0.2426,75818.95,36,7.0,0
881,B,5458.48,7.23,,89962.05,60,1.0,0
882,D,14645.56,15.48,0.2507,42710.63,36,9.0,0
883,A,1000.0,4.91,0.1348,75338.51,60,12.0,1
884,A,4488.59,5.36,0.189,77678.22,60,4.0,0
885,E,23728.21,19.13,0.3467,62514.82,36,5.0,0
886,A,8281.85,6.2,0.1656,90291.06,60,,0
887,D,12556.94,16.89,0.3019,42089.25,36,11.0,1
888,B,7018.67,6.92,0.0775,62944.94,36,0.0,0
889,A,6476.23,6.3,0.1216,59017.3,60,7.0,0
890,B,9243.1,6.72,0.2009,64052.99,60,7.0,0
891,D,17367.17,16.38,0.1926,67571.79,36,4.0,0
892,E,18200.42,19.93,,20227.36,36,2.0,0
893,E,20810.95,16.13,0.2518,69968.69,36,2.0,1
894,B,5625.79,8.64,0.1964,44494.72,36,9.0,0
895,D,15374.65,14.8,0.2458,49467.33,36,0.0,0
896,B,10074.96,7.36,0.1307,87390.95,36,6.0,0
897,B,10012.69,10.53,0.0731,70904.17,36,3.0,0
898,E,15980.19,18.02,0.296,56111.54,60,2.0,1
899,A,2807.09,3.79,,48748.73,36,5.0,0
900,A,3018.11,5.11,0.1146,51206.45,36,11.0,0
901,B,6950.69,9.53,0.0814,81942.62,60,6.0,0
902,A,4111.19,4.79,0.1107,59395.42,36,9.0,0
903,A,6959.68,6.75,0.0737,61091.59,60,,0
904,C,7828.58,12.8,0.125,77351.12,36,8.0,0
905,C,8502.38,8.73,0.1204,41101.56,36,4.0,0
906,E,13764.28,18.21,0.2294,54846.23,36,11.0,0
907,E,17452.42,18.16,0.2876,50772.33,36,5.0,0
908,B,3440.22,9.22,0.1573,64951.66,36,,0
909,B,9530.12,4.56,0.1662,55668.16,36,5.0,0
910,B,13467.13,12.32,0.1685,54562.61,36,3.0,0
911,C,8453.38,12.8,0.1545,40589.45,36,,1
912,B,5717.3,8.72,0.2135,73687.97,36,0.0,0
913,D,12987.34,17.27,0.2235,42973.31,60,,0
914,B,11198.77,12.02,0.177,82437.4,60,3.0,0
915,C,12129.21,13.31,0.1902,55958.01,60,4.0,0
916,C,14635.25,13.42,0.2225,40947.89,60,11.0,0
917,B,12451.38,8.7,0.1371,60719.35,36,6.0,0
918,F,20956.87,22.29,0.3736,37604.57,36,1.0,1
919,D,10583.54,14.79,0.2496,73163.86,60,9.0,1
920,A,3267.41,3.76,0.1488,63358.0,36,,0
921,E,17614.51,17.97,0.2509,45028.21,36,6.0,1
922,C,16687.33,9.97,0.0938,85407.84,36,5.0,0
923,E,8892.33,18.89,0.2416,59148.81,36,2.0,1
924,E,12731.87,16.47,0.3641,79928.71,36,1.0,0
925,C,9868.85,12.29,0.1907,82662.81,60,2.0,0
926,A,3143.36,4.95,0.1055,54031.07,60,1.0,0
927,B,5324.26,8.72,,82819.12,36,2.0,0
928,C,15672.05,11.22,0.2039,87455.46,60,,0
929,D,16987.71,20.12,0.1886,82590.64,36,4.0,0
930,B,11371.14,10.54,0.0975,82785.73,60,10.0,0
931,A,6830.54,3.13,0.0759,87415.41,60,6.0,0
932,E,17657.92,19.35,0.3267,44552.1,36,7.0,0
933,G,22778.32,25.09,0.4331,24927.12,60,1.0,1
934,C,13661.03,10.48,0.2347,53660.09,36,2.0,0
935,A,8168.34,3.0,0.01,40033.8,36,5.0,0
936,B,4216.62,9.15,0.1496,89170.32,60,10.0,0
937,A,6956.7,3.98,0.0882,64900.73,60,0.0,0
938,F,17792.7,23.95,0.2581,68243.95,60,5.0,0
939,A,14755.67,6.49,0.101,47833.01,60,0.0,0
940,C,9941.05,14.06,0.185,79487.25,60,4.0,0
941,B,12336.48,7.22,0.1807,56092.15,60,7.0,0
942,C,8627.71,12.71,0.2049,36881.35,60,8.0,0
943,D,14331.65,16.45,0.217,84288.12,36,1.0,0
944,E,13755.81,18.29,0.3555,69931.61,36,1.0,1
945,B,8947.09,7.34,0.0167,68812.26,36,5.0,0
946,A,7454.6,7.41,0.0961,70610.88,36,12.0,1
947,A,11161.67,5.34,0.01,77911.18,60,3.0,1
948,F,16445.66,23.45,0.2953,48503.31,36,4.0,0
949,E,20044.08,17.77,0.3315,35739.03,36,4.0,0
950,C,8009.32,10.17,0.1235,52583.06,60,1.0,0
951,C,13935.88,11.15,,95292.92,36,9.0,0
952,D,13366.19,15.31,0.3929,103098.82,36,2.0,0
953,A,5476.01,3.4,0.0184,98128.03,36,8.0,0
954,F,16656.76,22.49,0.449,53608.03,60,5.0,1
955,B,11569.48,5.97,0.1397,58920.52,36,,0
956,B,10050.32,6.82,0.1185,50632.65,60,0.0,0
957,C,13276.86,13.01,0.234,46818.92,36,10.0,0
958,A,9074.41,5.91,0.1802,60041.18,60,,0
959,A,6339.26,4.41,0.0312,108720.95,36,7.0,0
960,D,18942.53,13.97,0.2194,87513.08,36,9.0,0
961,A,8600.48,3.46,0.1508,83433.01,36,6.0,1
962,C,13538.23,11.44,0.2173,42708.96,36,3.0,1
963,B,9849.1,9.47,0.2161,81075.01,36,,0
964,B,10242.4,9.89,0.1809,60704.89,36,2.0,1
965,B,11307.37,7.76,0.2585,26245.83,36,11.0,0
966,B,4910.57,6.77,0.1607,70167.81,60,1.0,0
967,D,12067.56,15.9,0.2633,39845.57,36,4.0,1
968,B,6128.95,7.26,0.1693,50455.04,60,1.0,0
969,C,11038.92,11.22,0.1915,55492.66,60,0.0,0
970,C,12926.75,13.99,0.2509,51030.19,36,2.0,0
971,D,15003.18,16.74,0.2642,54383.38,36,1.0,0
972,F,22058.34,22.74,0.3973,43518.05,60,12.0,1
973,D,14098.46,13.59,0.3067,21235.44,60,9.0,1
974,B,11597.34,8.82,0.1757,92365.0,60,,0
975,A,6140.02,6.59,0.1301,52299.22,60,2.0,1
976,B,10655.45,7.94,0.0894,47856.83,36,7.0,1
977,C,11711.38,14.03,0.167,54086.04,36,,0
978,A,5883.63,6.94,,68049.97,60,10.0,0
979,C,14897.63,14.5,0.2854,86261.64,60,5.0,0
980,C,12162.77,12.46,0.0836,64849.62,60,7.0,0
981,B,11475.56,9.38,0.1159,75196.38,60,6.0,0
982,D,14141.9,17.62,0.2514,59941.65,36,7.0,0
983,A,9313.86,5.67,0.0472,74166.31,60,2.0,0
984,A,7844.81,4.25,0.0506,75575.13,60,4.0,0
985,D,14329.84,14.83,0.2785,20210.79,36,0.0,0
986,C,16984.95,12.36,0.2949,55501.47,36,6.0,0
987,D,9884.21,13.56,0.1281,75920.7,36,4.0,0
988,C,12627.06,11.79,0.1898,130961.96,60,9.0,0
989,B,12770.24,10.14,0.1778,43322.44,36,2.0,0
990,E,16405.05,15.71,0.3468,57615.44,36,4.0,0
991,E,15155.94,21.3,,39721.16,36,2.0,1
992,D,13210.53,17.18,,91857.73,36,6.0,0
993,B,8311.16,7.81,0.1517,40631.91,36,10.0,0
994,C,8681.18,12.82,0.2787,71248.91,60,9.0,0
995,B,8662.86,8.5,0.1112,39670.2,60,11.0,0
996,A,4410.59,6.84,0.1035,64265.8,36,12.0,0
997,F,18118.84,23.97,0.2772,44382.36,60,9.0,1
998,A,12873.32,3.0,0.1541,89254.45,60,3.0,0
999,F,16809.75,23.38,0.3428,25611.0,36,2.0,1
1000,C,15007.98,11.69,0.2215,71940.89,36,,0
1001,A,5330.76,5.12,0.0812,70338.0,36,12.0,0
1002,C,15144.26,10.91,0.2352,64910.28,36,4.0,0
1003,E,15843.8,21.62,0.3238,67249.99,60,2.0,1
1004,D,16612.35,17.06,0.1903,31913.98,60,11.0,0
1005,E,19819.01,17.89,0.2438,64590.71,36,4.0,0
1006,D,12635.79,13.5,0.2483,44759.71,60,8.0,0
1007,D,15029.02,14.92,0.2896,74725.72,60,,1
1008,E,14748.01,19.65,,56022.04,60,10.0,1
1009,B,12709.16,8.86,,61228.49,36,9.0,0
1010,C,14484.72,13.88,0.2605,49379.53,60,10.0,1
1011,B,11935.67,9.68,0.0532,79819.31,60,,0
1012,G,24210.91,27.45,0.5208,62697.13,60,4.0,0
1013,F,13270.47,22.99,0.3863,35408.67,36,7.0,1
1014,A,3780.21,3.0,0.097,49605.88,60,10.0,0
1015,D,12422.01,15.21,0.2401,67495.8,36,3.0,0
1016,F,17978.48,24.09,0.2836,18926.44,60,,1
1017,A,6243.33,4.92,0.0507,46500.78,60,3.0,0
1018,C,7289.86,12.75,0.3146,40871.4,36,6.0,0
1019,F,21646.5,22.02,0.2907,37521.89,36,0.0,1
1020,A,9210.09,3.46,0.0395,45946.03,60,9.0,0
1021,D,15653.28,15.31,0.2079,20101.6,36,1.0,1
1022,B,7444.73,8.96,0.0781,44562.0,36,1.0,0
1023,F,20478.25,21.52,0.3509,56564.54,60,2.0,0
1024,G,22357.91,25.65,0.4653,17112.21,60,6.0,0
1025,F,15426.9,21.09,0.3134,38875.15,36,,1
1026,C,12605.69,13.68,0.1176,95040.57,36,3.0,0
1027,E,14861.78,18.56,0.3175,49114.87,60,11.0,1
1028,E,16276.88,21.18,0.2967,56165.56,60,10.0,1
1029,B,9896.99,10.79,0.2102,47971.28,36,10.0,0
1030,E,18822.34,18.88,0.2727,88942.55,36,6.0,0
1031,A,5697.28,3.49,0.0844,60256.7,36,,0
1032,C,11426.33,8.87,0.191,55894.12,60,9.0,0
1033,B,11612.3,6.29,0.1553,88707.06,36,12.0,0
1034,A,1912.27,3.0,0.0764,66728.78,36,0.0,1
1035,A,8718.15,7.07,0.0667,70862.0,36,,0
1036,D,13779.41,15.67,0.139,49929.61,36,1.0,0
1037,B,6415.16,9.08,0.1161,60053.02,60,11.0,0
1038,D,13294.46,12.17,0.2929,61669.04,36,6.0,1
1039,A,8330.3,3.2,0.151,79952.98,36,4.0,0
1040,B,6261.82,9.83,0.1217,53421.53,36,5.0,0
1041,C,9457.17,12.43,0.278,46210.55,36,9.0,0
1042,E,9162.62,18.78,,39035.55,60,11.0,1
1043,B,9498.46,9.35,0.0697,39777.43,36,8.0,0
1044,D,10706.57,17.95,0.1509,26372.26,60,8.0,1
1045,E,17462.21,18.67,0.3731,55349.01,36,3.0,0
1046,C,13133.24,12.1,0.1776,76894.72,36,5.0,0
1047,B,5752.0,8.79,0.0772,80678.82,36,10.0,0
1048,A,11719.89,8.59,0.01,27124.16,60,9.0,0
1049,E,16598.7,15.85,0.2763,45588.83,36,7.0,0
1050,A,1874.46,6.02,0.1243,50162.34,60,0.0,0
1051,E,15774.79,18.83,0.2581,52587.27,36,0.0,0
1052,C,9194.21,12.85,0.1368,52479.18,36,1.0,0
1053,F,16058.67,21.51,0.317,55654.41,36,6.0,1
1054,E,15367.22,18.93,0.3746,49655.24,60,5.0,1
1055,G,19997.33,27.07,0.3164,15000.0,36,,1
1056,B,14541.21,13.17,0.1115,47592.45,60,8.0,0
1057,D,15996.45,16.71,0.3226,55104.13,60,3.0,1
1058,B,12453.34,7.23,0.1797,66621.99,36,1.0,0
1059,C,10147.95,11.36,0.2107,34697.82,36,10.0,1
1060,D,17884.46,14.82,0.2111,27343.73,36,,0
1061,E,20801.77,16.31,,51012.42,36,7.0,1
1062,G,20253.24,25.5,0.3677,15000.0,36,6.0,1
1063,D,9692.76,16.6,0.1984,24964.67,60,1.0,0
1064,B,2743.03,6.59,0.0852,56987.47,60,,0
1065,C,15933.73,13.57,,51207.97,60,4.0,0
1066,D,13565.24,16.23,0.2464,39188.79,60,3.0,0
1067,B,12576.1,7.4,0.1689,52332.73,36,7.0,0
1068,A,1244.36,4.79,0.1091,70249.04,36,7.0,0
1069,B,8772.83,10.9,0.1765,52037.07,36,12.0,0
1070,B,11494.06,9.6,0.1347,66272.55,36,10.0,0
1071,B,10559.89,8.51,0.1211,58151.57,36,5.0,1
1072,B,10801.73,8.14,,68017.7,36,5.0,0
1073,A,6717.71,5.11,,85807.7,60,7.0,0
1074,A,3951.69,4.23,0.0327,85106.46,60,1.0,0
1075,G,24617.51,22.84,0.3781,63187.79,36,12.0,1
1076,C,9583.4,15.06,0.1038,75086.64,60,5.0,0
1077,B,10472.99,8.73,0.0671,69294.04,60,11.0,0
1078,D,10315.21,16.1,0.3125,47198.23,36,12.0,0
1079,B,4798.51,8.41,0.1635,58020.3,36,6.0,0
1080,F,18150.2,21.4,,29200.01,60,,1
1081,E,14145.45,18.72,0.4363,50081.53,60,6.0,0
1082,A,5579.6,3.0,0.01,82552.97,60,6.0,0
1083,B,19062.34,11.92,0.2085,51937.98,36,9.0,0
1084,E,14892.31,17.15,0.2933,49330.08,36,0.0,0
1085,F,21276.85,20.95,0.3971,32807.48,36,5.0,1
1086,C,10658.34,11.34,0.2065,63768.38,60,11.0,0
1087,C,13537.73,13.93,0.0877,50111.1,36,,0
1088,A,10550.5,5.02,0.1057,56688.81,36,2.0,0
1089,G,26145.77,24.15,0.4201,27760.6,36,10.0,0
1090,B,15319.87,10.38,0.0185,74059.92,36,1.0,0
1091,F,15847.06,23.6,0.4666,43258.51,36,10.0,1
1092,D,17810.66,16.31,,47288.41,60,2.0,1
1093,C,6140.96,13.07,0.2403,64705.28,36,12.0,0
1094,C,10357.21,15.59,0.1301,52538.71,36,8.0,0
1095,B,9392.19,11.78,0.1914,85277.32,36,4.0,0
1096,A,7091.49,3.97,0.1654,52470.41,36,,0
1097,B,9632.05,10.94,0.1652,61634.51,36,2.0,0
1098,A,6286.93,5.57,0.0994,44714.23,36,7.0,0
1099,D,18180.19,16.25,0.1964,48756.26,60,11.0,1
1100,B,8703.23,5.96,0.137,34766.56,36,8.0,0
1101,A,4410.57,4.74,0.0693,83433.7,36,10.0,0
1102,G,20914.14,24.78,0.4343,53797.07,36,9.0,1
1103,E,19745.17,20.24,0.249,64115.06,36,12.0,1
1104,F,22798.04,24.11,0.3839,45519.7,36,8.0,1
1105,G,19245.17,22.89,0.3497,24162.33,60,2.0,1
1106,A,5134.07,4.97,0.0843,55593.87,60,9.0,0
1107,B,6862.66,10.18,0.187,92543.1,60,3.0,0
1108,D,16495.09,15.22,0.2078,80842.19,36,12.0,0
1109,D,17697.92,16.59,0.289,57205.99,36,4.0,1
1110,A,2057.07,5.53,0.1332,60718.59,60,3.0,0
1111,E,19728.75,19.51,0.2837,74635.22,36,2.0,0
1112,B,8774.36,8.09,0.2197,52498.94,36,7.0,0
1113,B,9025.66,6.68,0.1547,69119.29,60,1.0,0
1114,C,15350.34,10.32,0.2661,84335.23,36,12.0,0
1115,C,10752.92,13.06,0.3076,44945.91,60,3.0,0
1116,C,10784.87,12.03,0.1855,74926.02,36,3.0,0
1117,A,6900.58,4.79,,79370.09,36,,0
1118,E,13571.91,18.36,0.2617,49288.7,60,2.0,1
1119,B,12135.26,8.04,0.088,47118.2,36,4.0,0
1120,A,7159.95,6.57,0.0883,56960.08,36,3.0,0
1121,E,20246.69,18.5,0.2182,55210.12,36,2.0,0
1122,F,15814.65,20.49,0.2937,19379.94,36,0.0,1
1123,E,14068.64,20.12,0.3355,52353.39,36,3.0,0
1124,E,15258.26,18.69,0.2692,59738.92,36,9.0,0
1125,D,12181.02,15.55,0.2926,72733.96,60,4.0,1
1126,C,12329.34,14.41,0.218,34829.57,60,3.0,0
1127,A,5281.85,4.97,0.2111,93692.45,60,3.0,0
1128,B,5317.44,8.93,0.1815,95516.54,60,6.0,0
1129,B,12828.66,6.73,0.2169,72382.73,36,3.0,0
1130,B,8160.34,8.17,0.1741,46315.13,36,7.0,0
1131,D,10012.12,16.41,,49094.03,36,12.0,0
1132,C,14954.6,9.67,0.2699,59143.25,60,0.0,0
1133,A,5937.01,5.3,0.1401,74868.34,36,1.0,0
1134,B,5776.6,8.65,0.1626,65395.67,36,1.0,1
1135,D,12466.16,15.56,0.2623,60060.97,60,4.0,1
1136,A,6494.35,6.56,0.1323,68366.56,36,0.0,0
1137,E,15525.59,19.5,0.2597,54771.93,36,5.0,0
1138,C,9600.54,14.22,0.1572,51710.58,36,11.0,0
1139,C,13676.38,10.51,0.2855,53912.64,36,0.0,0
1140,C,14954.24,12.2,0.3119,49631.55,36,,0
1141,E,24892.07,19.13,0.2443,84510.67,36,9.0,0
1142,B,9950.61,6.9,0.1099,91350.21,36,1.0,0
1143,D,12401.63,16.93,0.3186,64995.3,36,0.0,1
1144,C,7049.41,15.49,0.232,83855.56,36,7.0,0
1145,B,5404.53,8.47,0.1906,79372.3,60,0.0,0
1146,E,17760.69,19.76,0.3538,53262.88,36,9.0,1
1147,E,15815.25,19.13,0.2856,22899.72,60,0.0,0
1148,D,18576.37,14.43,0.2698,50281.05,60,5.0,0
1149,E,15451.79,16.27,0.3151,43969.32,36,8.0,1
1150,E,15654.56,17.94,0.2485,29604.65,36,2.0,0
1151,D,11863.87,13.41,0.2689,28249.08,36,1.0,0
1152,E,15184.68,21.56,0.3743,58868.95,60,,1
1153,D,17116.78,15.33,0.23,60841.08,36,10.0,0
1154,D,13847.67,14.98,0.2592,33986.85,36,8.0,0
1155,C,8655.73,13.33,0.2124,46574.19,36,2.0,1
1156,D,12853.72,13.82,0.2329,75902.0,36,8.0,0
1157,A,4266.46,3.85,0.1406,54201.46,36,8.0,0
1158,E,11788.88,19.1,0.2592,53074.38,60,12.0,1
1159,E,17035.05,20.54,0.38,46583.99,36,4.0,1
1160,A,11027.55,5.75,0.1376,79114.54,36,10.0,0
1161,E,10881.92,19.37,0.2438,34590.06,60,4.0,1
1162,A,6688.12,5.12,0.2019,71621.5,60,11.0,0
1163,B,9985.8,9.1,0.1601,68037.01,36,1.0,0
1164,D,10435.68,15.8,0.2066,59143.25,36,1.0,0
1165,A,7233.57,3.46,0.1663,71423.33,36,10.0,0
1166,E,16419.38,19.07,,56202.97,36,9.0,1
1167,E,16819.15,17.39,0.1937,89451.87,36,3.0,0
1168,C,14554.02,12.12,0.1685,106103.36,36,6.0,0
1169,A,10804.5,4.28,0.1167,58494.11,36,4.0,0
1170,B,3516.6,12.31,0.0204,23271.63,60,,0
1171,C,9307.74,11.94,0.2051,70718.92,36,0.0,1
1172,G,17117.33,23.89,0.4095,43352.54,36,0.0,0
1173,D,13468.49,15.3,0.179,74098.75,60,6.0,1
1174,B,11678.25,9.28,0.1662,70127.95,60,,0
1175,D,16779.97,18.01,0.2504,56054.87,36,1.0,0
1176,C,12866.39,11.12,0.1285,80320.32,36,11.0,0
1177,D,14133.88,13.13,0.3052,77838.05,60,1.0,0
1178,A,7706.62,6.23,0.1503,45041.92,36,,0
1179,D,18734.64,13.43,0.2326,40301.09,60,11.0,0
1180,C,6564.81,11.35,0.1881,58099.33,60,1.0,1
1181,G,19557.39,25.61,0.4436,41771.88,36,2.0,1
1182,B,8519.25,8.4,0.138,60932.3,60,,0
1183,D,12502.41,16.53,0.1341,62815.73,60,5.0,1
1184,F,22285.05,21.47,0.3792,62929.89,60,5.0,1
1185,A,6092.1,4.59,0.0512,101008.77,36,6.0,0
1186,F,20274.95,22.48,0.3266,55420.43,60,,0
1187,D,12482.67,15.72,0.3375,39657.99,36,0.0,0
1188,A,7358.22,5.15,,67347.23,60,9.0,0
1189,B,6128.15,9.15,0.1501,63643.66,36,2.0,0
1190,D,15548.85,16.77,,64263.52,36,4.0,0
1191,A,3948.0,5.59,,76987.02,36,1.0,0
1192,C,13501.78,12.68,0.1448,96907.14,36,4.0,0
1193,B,14062.97,6.13,0.1464,56692.76,36,9.0,0
1194,D,12076.66,15.58,0.2522,61925.51,36,1.0,0
1195,A,10577.21,5.72,0.1163,112384.81,36,2.0,0
1196,E,17895.08,20.09,0.3174,39466.28,36,4.0,1
1197,G,23144.25,24.96,0.5552,42612.68,60,1.0,1
1198,G,20785.11,25.01,0.3294,22992.15,60,9.0,1
1199,D,9139.93,14.64,0.3088,56477.56,36,,1
1200,A,7405.96,5.8,0.171,55956.09,36,10.0,0
1201,D,14932.28,17.05,0.2796,73842.42,36,6.0,0
1202,A,6988.09,4.39,0.061,72651.74,36,5.0,0
1203,A,4452.92,6.36,0.1999,53162.85,60,2.0,0
1204,B,7753.71,8.69,0.0185,80130.22,60,7.0,1
1205,C,6109.29,11.81,0.159,63233.99,36,4.0,0
1206,D,8675.15,15.18,0.3203,72150.74,60,12.0,0
1207,D,14589.98,16.62,0.2278,34342.07,60,12.0,1
1208,C,8902.81,12.49,0.2958,66638.84,36,11.0,0
1209,B,4942.86,11.91,0.0593,78920.15,36,3.0,0
1210,G,23112.11,24.72,0.3333,32379.21,36,3.0,1
1211,C,12901.02,12.78,0.1681,37337.95,36,10.0,0
1212,C,9184.41,11.21,0.225,59251.07,36,8.0,1
1213,A,3179.0,3.7,0.0867,92106.08,36,8.0,0
1214,E,18180.56,18.98,0.2706,70266.75,36,2.0,1
1215,D,14014.72,15.71,0.3352,47288.29,36,,1
1216,B,11885.88,12.88,0.2408,41904.46,36,6.0,0
1217,A,3349.53,4.72,0.0751,62238.77,36,4.0,0
1218,D,14788.99,13.8,0.1474,46567.4,36,10.0,0
1219,D,11740.34,15.91,0.1206,63036.04,36,4.0,0
1220,B,7243.01,5.39,0.1644,63109.97,36,,0
1221,F,20943.53,22.36,0.3894,31441.24,60,5.0,1
1222,A,3496.5,5.02,0.1038,89876.74,60,6.0,0
1223,C,12542.69,13.19,,62527.67,36,0.0,0
1224,F,13668.72,23.96,0.3017,52837.48,36,,1
1225,B,8403.11,7.74,0.1893,33950.26,60,6.0,0
1226,D,14135.79,15.27,0.3507,15000.0,60,5.0,0
1227,B,9969.14,7.35,,39124.18,36,10.0,0
1228,B,10985.69,6.81,0.1453,56350.22,60,,0
1229,G,18422.53,26.46,0.3418,50374.41,36,10.0,1
1230,B,5641.55,6.59,0.0606,22839.56,36,4.0,0
1231,E,14826.73,18.38,0.2322,78671.34,60,8.0,0
1232,B,8880.81,7.01,0.1728,68070.19,36,,0
1233,B,11165.4,9.32,0.1743,89485.31,60,2.0,0
1234,A,8555.84,7.7,0.1876,54052.54,36,,0
1235,D,15123.98,13.55,0.2505,64069.48,36,0.0,1
1236,B,10422.82,5.72,0.0445,66533.53,36,12.0,0
1237,E,14847.16,18.81,0.2857,64718.35,60,2.0,1
1238,C,11259.91,12.02,0.1168,55791.76,36,11.0,0
1239,G,25459.85,26.33,0.3276,48517.87,60,5.0,1
1240,A,3894.08,4.33,0.1348,89839.52,60,6.0,0
1241,E,16272.75,18.7,0.3117,38278.83,36,1.0,1
1242,D,21370.74,16.05,0.2853,59360.4,36,3.0,1
1243,D,16838.28,17.06,0.2286,21018.48,36,1.0,0
1244,E,19388.88,16.07,0.3474,62645.05,60,5.0,0
1245,D,17851.35,14.95,0.2252,90183.93,60,6.0,0
1246,D,6464.81,15.82,0.317,32600.15,36,8.0,1
1247,A,5495.46,3.62,0.1207,68355.14,36,10.0,0
1248,A,2971.41,7.6,0.0876,85848.66,36,5.0,0
1249,F,21799.27,21.55,0.3627,45565.51,36,2.0,0
1250,C,12699.96,11.94,0.1989,62971.79,36,3.0,0
1251,E,8668.01,19.83,0.3958,42962.01,60,10.0,1
1252,C,9624.31,11.11,0.2147,52293.26,60,1.0,0
1253,A,8248.63,3.0,0.0999,68439.51,60,7.0,0
1254,A,8618.02,4.36,0.0857,70750.09,36,0.0,0
1255,D,9167.72,17.04,0.3006,33734.06,36,2.0,1
1256,C,10051.16,11.49,0.2425,58811.6,36,6.0,1
1257,B,2854.95,7.23,0.1336,93233.61,36,4.0,0
1258,C,8120.4,13.39,0.1307,52455.59,36,5.0,1
1259,A,10415.67,4.5,0.0459,47729.41,36,7.0,0
1260,C,13182.0,11.23,0.189,57274.51,60,2.0,0
1261,B,15083.05,8.72,,52136.97,36,3.0,0
1262,E,18243.77,20.16,0.285,25909.85,60,7.0,1
1263,B,7309.42,12.07,0.1144,67505.03,36,5.0,0
1264,C,7118.8,13.24,0.0944,47214.92,36,0.0,0
1265,A,5034.13,6.74,0.1908,58755.14,36,7.0,0
1266,A,4396.8,4.24,0.1341,72761.69,36,7.0,0
1267,B,13522.82,6.96,0.1978,37402.86,60,0.0,0
1268,C,14466.72,12.09,0.2577,28651.75,36,8.0,0
1269,C,16888.85,12.16,0.1901,72075.7,60,5.0,0
1270,B,7930.96,6.88,0.1551,30245.0,36,2.0,0
1271,D,13534.74,15.24,0.3393,37419.8,36,6.0,0
1272,E,17107.96,19.6,0.3108,17602.89,36,6.0,1
1273,D,11911.81,16.04,0.2853,46249.54,60,11.0,0
1274,A,1489.6,5.76,0.1522,77705.06,36,8.0,0
1275,C,8084.37,12.44,0.2386,62022.08,60,,0
1276,A,6762.92,4.24,0.0923,113053.72,36,1.0,0
1277,B,9060.51,7.73,0.148,84564.48,36,10.0,0
1278,G,20770.29,24.2,0.4467,23239.16,60,10.0,1
1279,A,6469.52,7.68,,48453.01,36,1.0,1
1280,C,11241.41,12.02,0.2701,108720.38,36,,0
1281,C,8656.93,11.66,0.2331,79126.3,60,8.0,0
1282,D,9356.09,14.11,0.2858,65608.65,36,8.0,1
1283,C,11486.8,16.4,0.1732,61347.33,36,,0
1284,A,10944.17,3.39,0.0651,74923.39,36,7.0,0
1285,B,11171.07,7.86,0.1968,38322.68,36,2.0,1
1286,C,14645.87,12.62,0.1655,62826.71,36,2.0,0
1287,A,8700.31,5.9,,71282.17,36,3.0,0
1288,B,11238.17,9.94,0.2327,48725.5,60,5.0,0
1289,A,7224.43,7.71,0.1732,60306.52,36,9.0,0
1290,A,2263.69,5.76,0.1181,97273.18,60,,0
1291,B,8481.31,6.92,,62746.85,36,3.0,0
1292,A,4254.1,4.61,0.0926,107281.08,36,10.0,0
1293,C,18245.84,12.46,,28667.77,36,0.0,1
1294,D,16529.28,18.6,0.2478,45601.66,60,9.0,1
1295,E,16063.04,16.9,0.2665,22148.99,60,9.0,0
1296,B,5278.83,10.3,0.2229,43230.4,36,2.0,0
1297,A,6206.01,5.27,0.1109,55092.3,36,2.0,0
1298,A,6787.8,6.26,0.0654,75675.57,60,,0
1299,D,15867.97,15.35,0.2787,59802.87,60,6.0,0
1300,D,19787.6,14.24,0.3083,42772.77,60,0.0,0
1301,A,7498.91,6.13,0.0395,29899.61,36,11.0,0
1302,F,17318.43,23.48,0.338,71598.47,36,3.0,1
1303,A,6044.42,6.46,0.0852,64856.24,60,3.0,0
1304,C,10722.27,11.98,0.2271,39906.78,36,7.0,0
1305,D,12109.76,14.6,,59948.75,36,7.0,1
1306,E,23575.18,16.66,0.2669,53680.01,36,3.0,1
1307,D,11935.92,16.73,0.1604,49191.82,36,1.0,1
1308,E,21085.11,19.64,0.3619,52673.56,60,6.0,1
1309,B,11360.97,7.05,0.0828,44209.46,60,,0
1310,E,17003.78,18.19,0.3163,63678.43,36,10.0,1
1311,A,1000.0,4.3,0.0921,52056.39,36,5.0,0
1312,E,15027.8,16.78,0.3097,39099.75,60,7.0,0
1313,C,16015.41,10.77,0.2991,71678.43,36,0.0,0
1314,E,10753.24,17.3,0.4823,71671.26,36,11.0,1
1315,C,9840.45,11.38,0.102,88543.94,36,3.0,1
1316,D,15198.04,14.39,,74004.37,36,,1
1317,C,11267.27,9.56,0.1906,54166.7,36,11.0,0
1318,D,18909.38,18.53,0.3129,27261.4,36,9.0,1
1319,A,5457.68,6.88,0.1574,95291.0,36,7.0,0
1320,A,6531.98,3.83,0.1846,94672.53,60,8.0,0
1321,B,11470.76,8.91,0.1671,52904.43,60,11.0,1
1322,A,10882.68,5.63,0.0466,86581.4,60,9.0,0
1323,E,16300.26,20.79,0.3557,44020.8,36,6.0,0
1324,B,8021.31,7.27,0.1571,92022.98,36,7.0,0
1325,G,15249.17,27.64,0.386,30732.44,60,1.0,1
1326,B,5093.28,7.68,0.1214,100615.72,60,,0
1327,A,10694.31,3.0,0.1604,84150.17,36,3.0,0
1328,E,19793.46,20.09,,82355.81,36,4.0,1
1329,D,12617.19,17.44,0.1783,46651.65,36,7.0,0
1330,C,11495.25,15.88,0.2373,67290.53,36,1.0,0
1331,C,7735.46,10.2,0.1777,42552.97,36,0.0,0
1332,D,13234.67,16.55,0.162,70191.81,60,4.0,0
1333,B,7810.07,7.89,0.1589,81182.75,36,3.0,0
1334,G,18752.3,27.18,0.35,83146.43,36,4.0,1
1335,G,23353.42,23.79,0.3053,48676.72,60,11.0,0
1336,D,10179.53,13.61,0.2031,68033.7,36,8.0,0
1337,A,3975.93,3.84,0.0383,61525.05,60,3.0,0
1338,D,16419.32,15.62,0.2112,64744.83,36,1.0,1
1339,A,2206.89,4.04,0.0204,63161.96,60,6.0,0
1340,A,7554.27,5.99,0.0763,72085.49,36,7.0,0
1341,B,12930.57,10.04,0.1072,68141.28,60,5.0,0
1342,C,12023.13,12.9,0.2225,53658.51,36,2.0,0
1343,E,13777.98,21.43,0.3356,51133.01,36,,0
1344,D,12672.07,16.12,0.2656,48244.69,36,2.0,0
1345,D,14687.53,13.67,0.2359,48164.84,36,4.0,0
1346,C,14498.14,14.05,0.1843,79379.96,36,9.0,0
1347,B,7452.81,7.59,0.0998,68157.45,60,10.0,0
1348,B,9640.66,9.87,0.1012,71247.19,36,4.0,0
1349,G,20828.63,28.36,0.4422,15000.0,60,,1
1350,A,3353.77,5.69,,77622.25,36,12.0,0
1351,E,18511.3,16.76,0.2952,59547.62,60,,0
1352,C,7575.16,10.62,0.1806,52829.9,36,8.0,0
1353,C,10426.4,13.98,,97530.53,60,11.0,0
1354,D,15049.53,15.25,0.1645,15000.0,36,3.0,1
1355,C,11593.35,12.12,0.2007,74118.61,36,0.0,0
1356,E,21209.13,20.14,0.3206,62830.49,36,12.0,1
1357,F,22315.57,23.54,0.2357,54748.49,60,5.0,0
1358,C,11564.66,12.42,,63171.83,60,9.0,0
1359,B,12447.82,8.19,0.1445,74912.23,60,9.0,0
1360,C,14336.95,11.53,0.2308,75627.16,36,4.0,0
1361,F,16003.61,23.79,,31934.02,36,,1
1362,B,10374.89,9.33,0.1836,70385.52,60,,0
1363,D,17757.72,15.11,0.1852,51700.3,36,2.0,0
1364,D,16482.02,17.12,0.1547,35312.17,36,1.0,0
1365,D,14235.92,15.31,0.2551,67909.06,60,6.0,1
1366,A,5435.28,3.72,0.0262,59841.51,36,1.0,0
1367,D,16380.92,14.36,0.1981,28038.54,60,3.0,0
1368,F,18086.53,21.03,0.4059,35296.01,36,2.0,1
1369,A,4640.65,4.59,,55619.82,60,8.0,0
1370,B,11249.85,10.35,0.1159,83512.62,60,10.0,0
1371,G,22707.5,24.79,0.3581,42757.48,60,,1
1372,A,10149.53,5.28,0.1373,94882.89,36,4.0,0
1373,E,18753.67,18.01,,38001.99,36,12.0,1
1374,C,11763.28,11.61,0.1271,75735.06,60,0.0,0
1375,B,8543.55,6.23,0.0331,116113.21,36,3.0,0
1376,E,18983.34,18.67,0.4129,56408.58,60,2.0,0
1377,C,13621.49,11.71,0.1267,75509.68,36,3.0,0
1378,C,8597.45,12.81,0.2317,72483.32,36,2.0,0
1379,B,5425.75,8.83,0.2406,39402.64,36,2.0,0
1380,C,9447.74,10.2,,70544.71,36,2.0,0
1381,A,9658.54,6.63,0.064,75516.21,60,5.0,0
1382,B,11230.97,8.82,0.0644,60324.55,60,4.0,1
1383,G,22027.52,26.3,0.3136,24087.35,36,7.0,1
1384,B,11113.24,8.49,0.1726,77491.7,60,5.0,1
1385,D,12741.44,14.72,0.3371,37496.73,60,,1
1386,B,12666.29,8.83,0.1263,103405.62,60,9.0,0
1387,D,18384.58,16.21,,57055.04,36,5.0,0
1388,A,5587.44,3.0,0.1418,47980.47,36,1.0,0
1389,G,17019.3,25.19,0.3588,30748.07,60,1.0,1
1390,C,10869.16,11.62,0.2165,54993.58,36,,0
1391,B,13864.69,8.88,0.1525,108422.78,60,8.0,0
1392,A,6207.92,6.79,,54077.4,60,5.0,0
1393,A,5536.76,3.84,0.0991,67908.09,60,3.0,0
1394,C,11246.34,11.25,0.3058,50319.09,60,5.0,0
1395,B,8040.31,7.73,0.1863,73986.65,60,7.0,0
1396,E,18457.49,17.8,0.3656,40606.1,36,10.0,1
1397,C,11586.23,11.48,0.1449,39496.98,36,6.0,0
1398,B,5746.46,9.66,0.2158,61484.7,36,,1
1399,C,12839.09,10.42,0.2383,54610.91,36,0.0,0
1400,D,12909.18,16.14,0.16,44339.6,36,1.0,0
1401,A,9994.11,3.0,0.1324,60301.41,36,7.0,0
1402,A,8590.01,4.16,0.0692,91324.52,36,1.0,0
1403,A,8998.39,4.51,0.01,64244.68,36,5.0,0
1404,D,18703.49,18.01,0.2578,34585.7,60,8.0,1
1405,D,16939.39,15.09,0.2823,46681.91,60,3.0,0
1406,C,12127.4,8.7,0.2091,60978.04,60,7.0,0
1407,E,16625.14,16.0,0.2935,25947.15,36,6.0,0
1408,E,17038.06,19.05,0.2802,79267.6,36,4.0,0
1409,C,6758.56,12.92,0.348,75616.43,36,11.0,0
1410,E,11104.04,19.56,0.229,75743.11,36,8.0,1
1411,B,12915.63,8.75,0.2024,72058.31,36,3.0,0
1412,A,5231.43,6.74,0.1009,32313.45,36,9.0,0
1413,B,8523.94,7.69,0.0987,92636.01,36,8.0,0
1414,A,4122.79,6.34,0.0971,54455.77,60,9.0,0
1415,C,11106.41,9.55,0.1164,45920.64,60,,0
1416,F,20171.0,21.14,0.3143,47813.85,36,4.0,1
1417,A,6293.58,3.0,0.0972,94808.14,36,3.0,0
1418,A,11085.19,4.59,0.01,88959.17,36,,0
1419,C,12982.35,11.93,0.2304,76313.06,36,1.0,1
1420,F,18786.88,22.67,0.2922,39387.11,60,9.0,1
1421,B,8159.66,8.59,0.0629,59103.06,60,4.0,0
1422,C,5275.5,10.61,0.1352,66226.99,36,7.0,0
1423,A,10449.65,4.71,0.2306,67658.72,36,5.0,0
1424,A,5263.47,3.0,0.01,86007.72,36,5.0,0
1425,G,18251.0,28.04,0.4262,54942.12,36,8.0,1
1426,G,25807.08,25.54,0.3549,50644.14,60,7.0,1
1427,A,1461.59,4.27,0.079,24532.7,60,2.0,0
1428,F,16909.73,24.88,0.3862,47303.79,36,0.0,1
1429,D,8997.98,13.64,0.2833,53040.63,36,10.0,0
1430,E,13401.89,17.31,0.2592,53024.46,60,10.0,0
1431,C,9347.37,10.36,0.1185,46422.16,36,1.0,1
1432,C,9240.9,11.9,,36153.85,60,3.0,0
1433,C,11902.65,12.65,0.2331,68336.49,36,,0
1434,D,14604.34,16.61,0.2329,48586.58,36,11.0,1
1435,A,8985.22,8.86,0.1265,80344.47,60,2.0,0
1436,A,13945.32,3.0,0.0733,57923.54,36,1.0,0
1437,B,7280.0,9.41,0.1004,90486.39,36,2.0,0
1438,D,11264.17,14.66,0.2502,73019.17,36,8.0,1
1439,B,9506.07,7.62,0.1811,70342.89,36,10.0,0
1440,D,11950.4,14.57,0.2686,51160.81,60,4.0,0
1441,G,20269.54,24.64,0.4305,55343.36,36,1.0,1
1442,A,5900.75,7.53,0.0544,77065.86,60,6.0,0
1443,D,13512.65,16.76,0.3449,59294.52,36,2.0,1
1444,C,11259.87,12.03,0.1795,78771.58,36,0.0,0
1445,E,15665.07,21.03,,75677.65,60,10.0,0
1446,A,9572.06,3.0,0.0209,47456.6,60,10.0,0
1447,D,12647.8,13.5,0.2384,36093.09,36,12.0,0
1448,E,14271.48,15.73,0.3319,35955.31,36,5.0,0
1449,F,19782.9,21.45,0.3958,17956.36,36,3.0,0
1450,D,14317.44,15.74,0.3437,53870.53,60,9.0,0
1451,C,10869.42,12.15,0.2312,70802.1,36,2.0,0
1452,C,10336.17,12.22,0.2166,59614.47,36,2.0,0
1453,E,17924.27,16.88,0.2732,40385.81,36,2.0,1
1454,C,12107.35,13.2,0.1603,80276.24,36,12.0,0
1455,A,5390.99,5.36,0.1582,72530.02,60,8.0,0
1456,F,24746.7,23.6,0.4071,51173.69,36,1.0,1
1457,D,13597.45,12.66,0.1854,75776.23,36,1.0,0
1458,D,12923.12,15.97,0.2934,52781.65,36,10.0,0
1459,B,13787.02,6.72,0.189,102083.85,36,9.0,0
1460,D,16266.35,14.9,0.1832,46939.33,36,7.0,1
1461,B,1000.0,9.3,0.1824,100963.07,36,2.0,1
1462,D,11846.67,15.64,,37454.77,36,5.0,1
1463,A,7068.79,3.72,0.01,79314.73,60,6.0,0
1464,D,10858.85,15.51,0.2404,43434.42,60,11.0,0
1465,G,20921.66,23.7,0.4155,60152.19,36,,0
1466,A,8460.7,6.73,0.0931,61391.81,36,5.0,0
1467,G,21841.47,25.69,0.572,45235.68,36,1.0,1
1468,B,7562.65,10.18,0.1727,53290.24,36,4.0,0
1469,E,12472.37,18.21,0.3088,66870.05,60,2.0,0
1470,E,12079.48,18.21,0.3258,38196.48,60,10.0,0
1471,C,11670.85,10.85,0.1735,90301.47,60,2.0,0
1472,D,19359.24,16.81,,37072.05,36,4.0,0
1473,E,15600.44,17.94,0.3217,25778.7,60,4.0,1
1474,B,11123.21,9.47,0.1689,82127.94,36,10.0,0
1475,B,9397.37,7.93,0.1126,54350.41,60,8.0,0
1476,D,16259.66,12.54,,54869.73,36,0.0,0
1477,E,20646.59,18.14,0.2699,44199.66,36,0.0,0
1478,D,15914.38,13.73,0.267,31373.05,36,6.0,0
1479,E,17895.94,19.05,0.2733,48614.11,36,4.0,0
1480,C,8985.98,10.21,0.2175,82768.49,60,,0
1481,E,15441.97,20.39,0.2861,68056.47,60,9.0,0
1482,A,2878.13,4.86,0.1258,74172.27,60,1.0,0
1483,C,12351.87,11.73,,80020.83,60,12.0,0
1484,A,5123.6,5.98,0.1116,50928.67,36,0.0,0
1485,B,9273.63,9.95,0.1115,59141.82,36,1.0,0
1486,B,6373.98,8.47,,72124.49,36,3.0,1
1487,B,11261.06,7.34,,62652.53,60,5.0,0
1488,D,16440.13,12.84,0.3422,50557.18,36,2.0,0
1489,B,8624.91,7.47,0.0625,43388.41,36,8.0,0
1490,C,13373.17,11.07,0.2072,22535.86,36,3.0,0
1491,B,6353.88,8.66,0.1979,79721.6,60,0.0,1
1492,B,9604.14,7.98,0.288,69377.99,60,10.0,0
1493,B,5603.94,9.53,0.1204,81235.97,36,11.0,0
1494,A,4311.92,4.08,0.0621,62129.75,60,6.0,0
1495,C,12247.6,11.91,0.13,47170.0,36,9.0,0
1496,D,15367.69,17.28,0.3184,55117.86,36,1.0,0
1497,C,11943.36,12.51,0.148,75375.59,60,2.0,0
1498,C,12023.81,11.91,0.1778,55833.86,36,3.0,1
1499,B,4949.23,7.6,0.0391,79432.13,36,12.0,0
1500,E,13980.37,18.05,0.353,31886.46,60,5.0,0
1501,C,6472.74,10.72,0.2695,57093.95,60,0.0,1
1502,C,14670.77,11.19,0.2507,58737.95,60,4.0,0
1503,A,8306.3,6.13,0.01,92075.02,36,0.0,0
1504,B,6192.07,8.17,0.1864,68737.29,36,2.0,0
1505,B,13752.63,6.48,0.0496,96429.4,36,4.0,0
1506,B,3420.22,11.15,0.1535,40741.67,60,,0
1507,C,9174.49,12.48,0.2123,62338.54,36,0.0,0
1508,C,7237.71,9.89,0.2186,63229.16,36,1.0,0
1509,C,13703.47,11.34,0.2321,71161.68,36,6.0,0
1510,D,15701.53,15.67,0.2495,40359.52,60,8.0,0
1511,E,17116.26,21.56,0.1823,80320.03,36,4.0,1
1512,D,14989.43,13.84,0.2821,55233.35,36,8.0,0
1513,F,16443.43,23.96,0.3559,25432.78,36,1.0,0
1514,A,11491.01,7.1,0.0458,69711.55,36,1.0,0
1515,A,9967.36,4.06,0.01,64363.09,36,10.0,0
1516,A,7510.39,4.58,0.1924,120098.23,36,3.0,0
1517,D,11635.35,13.95,0.3239,73898.98,60,4.0,1
1518,E,14358.99,18.69,0.3424,50893.9,36,11.0,1
1519,B,14804.09,8.45,0.1094,62985.5,36,4.0,0
1520,F,20580.93,23.49,0.199,62119.02,36,0.0,0
1521,A,9087.83,6.64,,87979.52,60,11.0,0
1522,F,17058.11,21.38,0.372,15000.0,36,0.0,0
1523,B,6951.36,5.55,0.1275,76573.88,60,7.0,0
1524,A,3782.76,4.97,0.1675,70503.4,60,3.0,0
1525,C,14808.07,12.44,,36399.41,36,5.0,0
1526,B,10435.49,8.87,0.1606,80843.85,36,,0
1527,B,3872.39,8.01,,105431.38,60,4.0,0
1528,B,11519.41,8.69,0.1531,75022.33,60,9.0,0
1529,E,13485.67,21.27,0.3408,69807.71,60,11.0,1
1530,C,11151.83,12.57,0.1486,92474.14,60,1.0,1
1531,B,12230.2,7.94,,50055.28,36,9.0,0
1532,C,10516.3,11.25,,26563.71,60,1.0,0
1533,D,15741.11,15.25,0.3302,66823.59,36,1.0,0
1534,B,4720.93,10.96,0.1819,60542.99,36,12.0,0
1535,B,11625.52,8.23,0.1087,40264.88,60,5.0,0
1536,A,7863.86,4.97,0.1048,68592.94,36,1.0,0
1537,A,6167.95,4.28,0.0488,83095.85,36,6.0,0
1538,D,9428.57,17.15,0.3402,52318.51,36,2.0,1
1539,A,7081.36,7.94,0.1974,55837.1,36,5.0,0
1540,C,16205.93,12.68,0.2418,55976.87,60,7.0,0
1541,D,12789.49,15.62,0.3434,54649.42,36,10.0,1
1542,A,7219.87,5.06,0.1091,35269.32,60,0.0,0
1543,C,12399.77,8.42,0.2458,57430.05,36,2.0,0
1544,B,8391.7,9.62,0.2235,40801.87,36,1.0,0
1545,G,18672.9,26.2,0.3997,51862.47,36,1.0,1
1546,C,11527.51,12.64,0.2043,31901.23,36,11.0,0
1547,E,17713.39,17.93,0.356,68228.46,36,11.0,0
1548,C,11527.82,11.42,,52635.03,60,8.0,1
1549,A,6272.07,4.38,0.0547,60226.44,36,,0
1550,D,15643.13,17.03,0.1188,60300.18,36,10.0,1
1551,F,17209.26,21.93,0.3395,29411.38,36,0.0,0
1552,C,6835.56,15.12,0.0742,65017.42,36,1.0,0
1553,E,16224.91,19.65,,36822.04,36,3.0,1
1554,E,18325.11,17.09,0.2475,39978.78,60,10.0,1
1555,B,11804.07,8.31,0.1159,72296.38,36,,0
1556,B,7617.63,7.52,0.1992,44505.55,36,5.0,1
1557,C,12098.22,8.71,0.2623,37241.93,36,2.0,0
1558,B,5132.33,10.9,0.1805,69468.06,36,7.0,0
1559,E,17762.87,20.05,0.338,49515.8,36,10.0,1
1560,F,20436.73,23.3,0.3894,48036.47,60,3.0,1
1561,B,8515.16,8.75,0.01,70897.51,60,6.0,0
1562,B,12925.82,6.43,0.1506,66032.76,36,3.0,0
1563,E,12916.92,18.27,0.1922,60945.67,60,9.0,0
1564,B,4471.13,9.76,0.1805,66753.85,36,5.0,1
1565,E,13851.79,17.42,0.1744,15000.0,60,3.0,1
1566,C,12263.48,8.2,0.1892,28538.08,60,4.0,0
1567,D,13871.39,15.16,0.2829,89703.09,36,,0
1568,A,6960.11,4.79,0.0329,70001.29,36,10.0,0
1569,D,18013.12,15.7,0.3077,72104.35,36,12.0,0
1570,C,12111.51,13.09,0.2304,53777.33,36,5.0,0
1571,C,9555.42,12.96,0.2228,58955.73,36,2.0,0
1572,A,14113.49,5.39,0.1419,61839.44,60,7.0,0
1573,D,13617.98,17.29,0.2284,99386.69,36,4.0,0
1574,E,12332.11,16.72,0.3091,54558.36,36,2.0,0
1575,B,8392.44,9.26,0.1506,55372.56,60,0.0,0
1576,A,6847.12,5.94,0.0992,40272.29,60,10.0,0
1577,A,11722.91,3.14,0.0597,105527.2,36,9.0,0
1578,D,11725.88,13.25,0.1754,52060.99,60,9.0,0
1579,C,16452.9,10.88,0.1798,73396.12,60,4.0,0
1580,C,12326.36,11.01,0.1765,75407.95,36,8.0,0
1581,B,4944.38,9.63,0.1058,56669.05,36,,0
1582,B,9545.03,7.58,0.2011,77104.15,60,4.0,0
1583,C,13943.64,10.72,0.1297,49125.51,60,10.0,1
1584,C,10428.1,11.08,0.1897,42172.33,36,12.0,0
1585,G,22350.95,27.68,0.47,60960.36,36,11.0,1
1586,A,10956.04,5.02,0.1545,67152.59,60,,0
1587,D,15667.89,15.23,0.323,64333.23,60,8.0,0
1588,B,12030.73,8.33,0.1146,72396.58,60,7.0,0
1589,C,11681.54,13.94,0.2471,71482.78,60,,1
1590,D,18878.98,14.38,0.1862,26982.34,60,5.0,0
1591,D,16137.46,17.47,0.2334,44464.77,60,2.0,0
1592,G,14422.92,26.32,0.3891,34159.45,60,9.0,1
1593,A,9888.54,4.76,,55033.38,60,11.0,0
1594,A,8474.42,8.75,0.0783,77722.12,36,3.0,0
1595,D,14105.71,13.92,0.2204,76364.08,60,9.0,0
1596,C,11011.05,11.47,0.1411,84213.32,36,,0
1597,B,3621.73,6.65,0.2014,58894.31,36,,1
1598,A,7534.22,6.43,0.0891,75255.39,36,7.0,0
1599,A,9379.19,7.53,0.1121,78021.58,36,6.0,0
1600,E,14242.65,21.5,0.3098,61182.61,36,9.0,0
1601,A,9629.66,6.84,0.1033,54193.57,60,9.0,0
1602,B,10182.77,8.2,,97770.44,60,11.0,0
1603,B,12050.02,7.95,0.1317,81677.36,60,11.0,0
1604,B,8072.14,5.99,0.2351,82147.69,60,0.0,0
1605,A,2412.62,8.05,0.1456,91662.28,36,1.0,0
1606,C,11277.76,12.7,0.2011,69614.45,36,9.0,0
1607,A,9342.93,4.26,0.0732,51508.36,36,11.0,0
1608,E,17874.74,20.99,0.2929,47498.49,36,3.0,1
1609,B,5715.16,7.04,0.1751,35281.04,60,0.0,0
1610,C,13393.34,12.61,0.29,67471.31,36,3.0,0
1611,E,15021.7,18.74,0.2176,46954.15,36,4.0,0
1612,D,13852.99,16.46,0.2896,54270.6,36,9.0,0
1613,C,14152.46,11.9,0.2676,81672.02,36,0.0,0
1614,B,8411.51,6.32,0.0608,56774.11,36,2.0,1
1615,B,7994.73,8.61,0.1391,60461.78,60,11.0,0
1616,D,12409.59,17.07,0.1861,55395.52,36,,0
1617,G,17471.49,25.96,,15000.0,36,8.0,0
1618,D,10332.77,16.66,0.2285,50210.85,36,3.0,1
1619,C,7621.0,10.43,0.1922,15255.69,60,7.0,0
1620,D,15918.02,15.46,0.2253,44460.61,36,0.0,0
1621,C,8746.76,11.06,0.2432,75393.4,36,,1
1622,A,6921.68,6.12,0.1137,78050.8,36,4.0,0
1623,C,9867.57,12.05,0.2139,49293.23,60,10.0,0
1624,F,20724.42,23.54,0.3596,45734.37,60,,1
1625,A,4747.25,6.63,0.1343,50650.19,36,0.0,0
1626,D,8107.99,16.54,0.2343,54957.82,60,9.0,0
1627,B,12601.45,8.91,,117745.77,36,0.0,0
1628,C,8376.78,10.5,0.1259,93224.42,36,11.0,0
1629,A,4690.63,5.0,0.01,70947.2,36,2.0,0
1630,C,15250.12,11.2,0.0915,62882.59,36,5.0,0
1631,D,16489.36,14.98,0.1252,37367.82,60,0.0,1
1632,B,3129.75,7.94,0.1904,50567.8,60,6.0,0
1633,D,12140.13,14.03,0.2831,61519.32,36,5.0,0
1634,E,22581.89,16.06,0.3725,40551.93,36,4.0,1
1635,F,23479.64,21.5,0.2866,61274.69,36,0.0,1
1636,B,13104.18,8.79,0.1947,93254.34,36,10.0,0
1637,B,10242.82,6.48,0.1534,70987.17,60,9.0,0
1638,A,10021.52,5.02,0.11,71831.27,60,,0
1639,G,19617.9,28.85,0.4375,15000.0,60,6.0,1
1640,F,17129.53,24.03,0.3046,58456.98,36,8.0,1
1641,C,14844.97,14.47,0.3552,39413.92,60,1.0,0
1642,E,13752.21,19.59,0.3799,42475.84,36,11.0,0
1643,C,8769.5,13.75,0.1681,77272.37,60,,1
1644,D,10983.31,14.41,0.1846,73535.65,36,7.0,0
1645,A,6008.33,4.03,0.0947,61602.86,36,6.0,0
1646,D,13276.98,11.39,0.2609,47639.52,36,7.0,1
1647,A,5789.1,6.78,0.1639,57412.26,36,10.0,0
1648,E,14098.72,21.31,0.2299,28438.63,60,3.0,0
1649,E,14635.48,18.17,0.3171,38573.68,60,8.0,0
1650,D,15973.46,15.12,0.1583,25963.66,60,6.0,0
1651,A,8377.2,3.87,0.1262,82295.13,36,,0
1652,B,8566.85,9.07,0.1435,72101.42,36,4.0,0
1653,B,14274.37,10.19,0.2662,75089.53,60,10.0,0
1654,B,9532.77,5.89,0.0572,47820.73,60,3.0,0
1655,A,6107.35,5.61,0.1822,48488.73,36,5.0,0
1656,F,17623.35,22.08,0.2478,45963.26,60,5.0,1
1657,C,10187.04,12.17,0.1204,61153.85,60,6.0,0
1658,B,10902.29,9.19,0.0494,62349.14,60,10.0,0
1659,B,7424.41,8.22,0.165,59789.3,36,1.0,0
1660,C,13954.51,11.84,0.1296,90793.96,60,,0
1661,C,11099.98,11.68,0.1191,67668.45,36,4.0,0
1662,C,17116.1,13.46,0.2122,95472.21,60,3.0,0
1663,F,17990.38,23.13,0.3771,67841.37,36,,1
1664,C,15466.86,12.33,0.2024,90658.88,60,0.0,0
1665,G,27301.22,24.09,0.3903,20659.67,60,1.0,1
1666,E,11795.47,18.43,0.4097,60677.08,36,8.0,1
1667,B,8112.11,9.85,0.1588,57228.22,60,2.0,0
1668,F,15704.67,22.56,0.3983,15059.04,36,8.0,0
1669,A,11160.05,5.99,0.1086,96928.06,36,10.0,0
1670,E,18459.2,21.65,0.2341,44713.53,36,2.0,0
1671,B,5562.88,10.06,0.183,46008.17,36,2.0,0
1672,E,10754.72,19.14,0.2607,42537.85,60,1.0,1
1673,E,16176.93,18.23,0.2945,35667.97,36,2.0,1
1674,E,17745.01,15.17,0.3183,37513.44,60,2.0,0
1675,E,14870.49,18.75,0.1835,46011.14,36,10.0,0
1676,B,9045.59,8.01,0.0534,96154.67,60,9.0,0
1677,A,6217.96,5.59,0.1546,58006.29,36,0.0,0
1678,B,8524.57,8.27,0.1102,94866.87,36,,0
1679,A,9898.01,4.52,0.063,85279.06,60,0.0,0
1680,D,11042.97,12.83,0.26,62132.89,36,7.0,0
1681,B,14499.35,7.09,0.1269,78466.16,60,1.0,0
1682,G,17491.83,26.71,0.4251,40245.8,36,0.0,1
1683,D,11610.99,18.07,0.2469,78148.9,36,,0
1684,E,17800.92,18.85,0.3119,60205.64,60,5.0,1
1685,A,10995.9,5.49,0.0579,40036.01,60,,0
1686,E,18792.41,20.43,0.3116,55332.53,36,4.0,1
1687,F,14990.68,21.28,0.4163,59111.52,60,0.0,0
1688,C,9549.75,12.55,0.1659,54797.98,36,8.0,0
1689,C,15257.16,10.89,0.2549,62272.61,36,9.0,0
1690,D,16682.95,16.8,0.2469,43968.56,36,0.0,0
1691,A,7160.54,5.23,0.1441,45202.74,60,4.0,0
1692,C,6585.41,12.45,0.2077,32093.22,36,6.0,0
1693,B,8848.92,7.33,0.148,37332.78,36,6.0,0
1694,A,10103.37,6.06,0.121,82042.81,60,6.0,0
1695,B,9519.16,11.63,,20174.93,36,8.0,0
1696,A,6129.43,3.49,0.1142,58003.36,36,12.0,0
1697,A,8542.36,4.49,0.1287,56218.24,36,,0
1698,A,6612.48,5.35,0.0779,64921.13,36,,0
1699,G,25059.38,27.18,0.4943,15000.0,36,8.0,1
1700,C,13560.83,11.16,0.2384,67269.99,36,6.0,0
1701,G,22375.88,21.75,0.4047,17083.09,36,4.0,1
1702,C,12232.78,14.04,0.1926,80383.3,36,7.0,0
1703,B,7897.38,9.64,0.2087,53808.22,60,,0
1704,C,8906.22,9.39,0.1636,58278.97,60,6.0,0
1705,C,6983.87,11.09,0.093,60067.93,60,2.0,0
1706,A,1000.0,7.35,0.1043,74396.34,36,5.0,0
1707,D,11360.93,17.67,,55666.26,36,10.0,0
1708,B,4570.22,9.91,0.2455,57312.01,60,10.0,1
1709,C,10543.18,11.74,,66174.87,60,8.0,0
1710,D,10646.2,15.62,0.2526,63390.65,36,8.0,0
1711,A,4967.74,4.8,0.1312,56227.58,36,,0
1712,A,4057.24,6.69,0.0841,77674.62,60,4.0,0
1713,E,12871.62,17.69,0.331,71450.97,36,1.0,1
1714,C,13218.47,10.79,0.1949,72706.1,36,9.0,0
1715,A,8121.92,6.52,0.1607,86782.75,36,3.0,0
1716,G,18793.14,25.93,0.4434,43094.58,60,9.0,1
1717,A,7312.28,7.07,,53149.29,60,9.0,0
1718,D,9634.75,14.49,0.2377,40426.4,60,,0
1719,G,21488.52,25.92,0.5156,45757.98,60,8.0,1
1720,B,9386.21,7.12,0.179,81969.75,36,6.0,0
1721,A,7708.11,5.01,0.1148,120146.41,60,6.0,0
1722,A,9508.81,3.0,0.0543,87672.79,36,3.0,0
1723,B,10827.4,7.77,0.1442,43932.16,36,1.0,0
1724,A,6560.98,3.0,0.1069,56189.09,60,,0
1725,D,9849.87,16.54,0.2027,96013.31,36,2.0,1
1726,A,7253.71,6.07,0.0825,66141.0,36,11.0,0
1727,C,12198.08,9.4,0.1901,60855.26,60,1.0,1
1728,G,20307.44,28.0,0.4034,22712.5,60,8.0,1
1729,E,21938.27,22.75,0.1942,78171.86,36,2.0,0
1730,C,10975.7,12.07,0.1919,69006.0,36,,0
1731,B,8732.98,7.54,0.1274,51057.18,36,3.0,0
1732,D,10960.56,19.74,,37111.14,60,4.0,1
1733,C,8620.05,10.02,,65529.67,36,4.0,0
1734,C,13832.06,12.03,0.3231,60795.71,60,9.0,0
1735,A,1686.77,5.27,0.1407,84977.98,36,2.0,0
1736,E,14126.79,21.02,0.2259,59845.43,36,10.0,0
1737,C,16406.66,12.54,0.1793,55239.35,36,7.0,0
1738,A,8705.83,4.25,0.1358,60211.57,36,2.0,0
1739,B,11738.29,7.07,0.179,62121.04,60,0.0,0
1740,B,8531.13,7.99,0.2092,55087.74,60,9.0,0
1741,E,10093.92,17.49,0.2942,47656.48,36,2.0,1
1742,D,21517.05,15.57,0.2282,55295.94,36,10.0,1
1743,D,11880.54,14.65,0.3551,38837.24,60,1.0,0
1744,A,5342.69,3.0,0.1035,81352.24,36,6.0,0
1745,B,9259.46,10.38,0.089,58332.3,60,8.0,0
1746,C,14946.66,11.25,0.2885,44846.08,36,7.0,1
1747,A,13818.96,3.1,,63671.07,36,3.0,0
1748,B,10471.9,8.25,0.01,69360.65,36,10.0,0
1749,D,15322.3,15.6,0.2962,56494.69,36,9.0,0
1750,A,9123.07,3.0,0.1546,77598.13,36,5.0,0
1751,C,7191.85,12.5,0.2248,76170.23,60,6.0,0
1752,B,12263.14,6.93,0.0719,88488.92,36,6.0,0
1753,A,8409.6,7.57,,75138.75,36,11.0,0
1754,B,12948.84,9.29,0.1333,45750.76,36,11.0,0
1755,G,26315.86,25.4,0.3678,35156.01,60,2.0,0
1756,E,18803.0,17.88,0.3847,31922.27,60,,1
1757,F,25033.55,22.34,0.2872,75543.37,60,12.0,0
1758,C,19076.11,12.92,0.219,95773.22,36,2.0,0
1759,A,4559.97,4.96,0.1716,81705.6,60,12.0,0
1760,C,7570.04,11.67,0.2229,75452.26,60,,0
1761,C,7659.4,12.09,0.2745,64516.98,36,0.0,0
1762,E,22402.4,18.09,,56589.01,36,3.0,0
1763,A,3710.97,4.49,,41245.82,60,5.0,0
1764,C,10298.78,8.87,0.222,58669.22,36,10.0,1
1765,A,3918.04,6.46,0.1368,54139.24,36,,1
1766,B,15358.55,8.95,0.1269,70064.42,36,3.0,0
1767,D,13964.54,14.34,0.1719,53927.02,36,11.0,1
1768,C,8425.84,14.85,0.2572,95042.8,36,0.0,0
1769,B,6431.02,8.63,0.2197,81499.3,60,6.0,0
1770,B,6929.08,6.95,0.1651,70121.22,60,5.0,0
1771,C,10381.48,13.29,,55195.09,36,0.0,1
1772,E,13641.35,19.6,0.2065,80168.39,36,1.0,0
1773,E,20602.6,19.59,0.3051,49460.82,60,4.0,1
1774,F,21901.51,21.86,0.2691,50970.13,60,1.0,1
1775,E,12818.59,19.68,0.2107,50760.49,36,5.0,1
1776,B,4714.54,8.11,0.1488,57725.23,60,6.0,0
1777,D,16898.0,16.33,0.2042,55657.11,60,8.0,0
1778,C,11681.96,9.14,0.2207,24684.6,36,6.0,0
1779,B,2966.22,7.85,0.1404,37141.28,36,4.0,0
1780,E,14069.56,21.58,0.2636,56293.35,36,1.0,0
1781,A,4599.83,3.85,0.01,98227.59,60,2.0,0
1782,F,24610.62,21.59,0.2988,51267.98,36,4.0,0
1783,C,15045.44,11.33,0.151,47033.36,36,11.0,1
1784,D,13101.22,13.68,0.1765,29028.63,36,2.0,1
1785,D,18047.24,12.19,0.2303,69121.49,60,4.0,1
1786,E,19300.97,18.65,0.2312,39790.49,36,8.0,1
1787,D,19779.39,15.7,,66578.24,60,8.0,0
1788,C,6905.46,11.92,0.2144,67017.57,60,12.0,0
1789,A,1000.0,4.78,0.0504,78609.41,60,2.0,0
1790,C,8862.55,12.06,0.2255,60604.83,60,0.0,0
1791,A,1000.0,6.53,0.0183,76905.6,36,3.0,0
1792,D,17779.32,15.21,0.1833,52849.82,60,1.0,0
1793,C,12501.6,11.14,0.1932,48564.48,60,6.0,1
1794,D,12305.23,15.08,0.2912,37657.02,60,11.0,0
1795,A,6221.61,5.87,0.152,27069.84,60,7.0,0
1796,A,7175.79,7.12,0.1967,66740.03,60,1.0,0
1797,D,18453.47,14.56,0.2274,82348.81,36,,0
1798,A,6861.18,5.15,0.0923,83141.44,36,11.0,0
1799,A,7003.98,5.51,0.038,74098.76,36,5.0,0
1800,A,1544.1,3.51,0.0248,56787.91,36,11.0,0
1801,F,17620.47,22.53,0.3637,62952.11,60,8.0,0
1802,D,15967.46,13.3,0.2034,52852.43,36,12.0,0
1803,B,6436.05,5.85,0.2239,93348.82,36,10.0,0
1804,B,10011.54,9.05,0.0623,47340.43,60,4.0,0
1805,B,5824.95,7.92,0.1792,51500.55,60,8.0,0
1806,D,12654.23,15.8,0.1897,39749.14,60,5.0,0
1807,D,16259.57,15.47,0.2008,28321.87,60,2.0,1
1808,A,3067.47,3.54,0.1323,53133.2,36,2.0,0
1809,A,8668.85,4.93,0.0594,71857.89,60,4.0,0
1810,A,2611.32,3.15,0.0691,57180.38,36,1.0,0
1811,D,13993.72,17.59,0.2013,15000.0,60,1.0,0
1812,D,17165.4,13.47,0.3571,74336.92,36,5.0,0
1813,B,9265.42,8.21,0.113,34686.31,60,12.0,0
1814,A,8367.67,3.44,0.1031,80606.11,60,6.0,0
1815,A,11906.08,5.86,0.0879,70561.86,36,4.0,0
1816,G,15927.89,25.5,0.4133,78112.71,60,2.0,1
1817,B,10312.18,7.72,0.1131,82945.23,60,2.0,0
1818,D,12118.56,16.78,0.238,45917.12,60,7.0,0
1819,D,19048.15,15.54,0.2736,42362.86,36,10.0,0
1820,B,9913.73,9.27,0.0982,92049.1,36,4.0,0
1821,B,6679.8,7.03,0.2154,38434.32,36,6.0,1
1822,A,4833.48,3.0,0.1711,73435.84,36,8.0,0
1823,C,7853.69,12.16,0.2364,57639.83,36,,1
1824,D,14375.87,15.02,0.2542,48821.93,60,3.0,0
1825,D,19516.75,16.44,0.0706,61363.25,36,8.0,0
1826,C,11176.13,11.88,0.2255,63412.08,60,7.0,1
1827,A,8567.36,5.31,0.0765,78233.21,36,,0
1828,G,23644.95,23.56,0.3852,42501.56,36,2.0,0
1829,E,12698.19,21.83,0.1862,57518.27,36,7.0,1
1830,B,7748.79,8.25,0.1796,66680.57,60,2.0,0
1831,G,19133.67,27.05,0.3131,28130.32,60,9.0,0
1832,C,6481.96,10.75,0.2071,60072.02,36,,0
1833,C,10245.09,12.46,0.2543,47141.04,36,2.0,0
1834,D,9390.28,13.55,0.2218,40953.22,36,3.0,0
1835,E,16450.85,19.68,0.373,43949.3,60,11.0,1
1836,D,8480.69,14.97,0.2052,52850.38,60,9.0,0
1837,A,8691.19,5.04,0.136,70634.06,60,10.0,0
1838,B,7205.92,9.55,0.0717,81494.82,36,4.0,0
1839,F,19372.22,20.65,0.4119,36027.65,36,9.0,1
1840,B,11177.66,7.47,0.2026,68543.33,36,10.0,0
1841,B,6267.58,9.19,0.1781,67124.5,36,4.0,0
1842,C,11997.22,15.15,0.1764,49044.69,36,12.0,1
1843,C,11281.88,11.79,0.1159,61327.33,36,10.0,0
1844,C,11078.33,12.89,,78048.99,36,12.0,0
1845,F,20018.17,22.34,0.4166,48357.11,36,10.0,1
1846,B,6796.97,11.41,0.1578,69078.51,36,9.0,0
1847,A,4363.03,3.0,0.01,57304.09,36,11.0,0
1848,A,6722.55,5.14,0.0325,105439.46,60,4.0,0
1849,E,19903.97,16.56,0.3752,38329.59,60,9.0,0
1850,D,16310.53,11.74,0.2793,24979.9,36,2.0,0
1851,B,6972.13,8.95,0.076,80483.31,60,8.0,0
1852,E,13255.23,19.21,0.1941,47933.29,60,9.0,1
1853,E,14110.2,18.57,0.2625,44545.25,36,8.0,0
1854,E,17564.12,18.84,0.1889,40180.03,36,10.0,1
1855,F,20302.83,27.15,0.3406,78690.86,60,4.0,1
1856,B,9491.48,8.11,0.2971,71382.63,60,6.0,0
1857,D,14333.53,16.27,,64895.52,36,0.0,1
1858,C,13274.39,11.03,0.1888,62927.08,36,1.0,0
1859,E,14543.92,19.44,0.3787,54860.89,60,7.0,1
1860,D,7219.97,15.14,0.2949,80175.24,36,6.0,1
1861,D,10598.82,14.88,,50484.62,60,2.0,0
1862,D,16418.19,18.23,0.2412,28775.12,36,2.0,1
1863,A,7277.67,6.77,0.0306,85624.98,60,3.0,1
1864,C,14679.6,12.21,,68940.63,36,8.0,0
1865,G,20368.47,22.54,0.4146,41943.64,36,6.0,1
1866,F,22876.89,21.96,0.4163,53473.56,60,0.0,0
1867,A,4918.13,9.05,0.0628,63326.6,36,8.0,0
1868,A,9233.28,4.65,0.0886,70372.47,36,,0
1869,A,8787.15,6.65,0.043,67629.4,60,7.0,0
1870,D,15609.77,17.66,0.2635,44353.21,36,1.0,0
1871,E,13604.13,19.33,0.347,71405.11,36,12.0,0
1872,B,6188.71,7.24,,39579.34,36,1.0,1
1873,C,12770.95,8.35,0.1298,102495.88,60,8.0,0
1874,E,17342.18,20.03,0.3088,65792.52,60,6.0,0
1875,D,15038.37,14.28,0.2094,22996.44,60,1.0,0
1876,C,9888.78,12.26,0.2607,55965.01,36,0.0,0
1877,C,11501.44,10.13,0.1903,56966.17,36,3.0,1
1878,C,11818.83,11.6,0.1088,67053.96,36,9.0,0
1879,B,6499.46,8.55,0.1368,47191.19,60,0.0,0
1880,C,12827.84,12.4,0.2275,60576.46,60,8.0,0
1881,D,15334.72,13.83,0.2646,52819.85,60,7.0,1
1882,E,18977.22,20.8,0.2693,36722.87,60,2.0,0
1883,D,15425.9,14.6,0.2149,39218.46,36,0.0,0
1884,D,12077.73,12.99,0.1907,71538.48,36,11.0,0
1885,A,7618.76,4.84,0.0763,39461.51,60,3.0,0
1886,C,11792.5,12.05,0.1487,68601.82,36,1.0,1
1887,A,6363.92,5.24,0.1582,84355.19,36,7.0,0
1888,B,11193.04,10.54,0.0959,61065.95,60,2.0,0
1889,D,15287.9,15.15,0.2573,55942.71,36,5.0,0
1890,G,16181.49,25.82,0.4033,60942.91,36,0.0,1
1891,A,6362.01,3.35,,57312.67,36,12.0,0
1892,B,13240.16,9.73,0.2154,54170.26,60,4.0,0
1893,E,14339.4,19.28,0.3418,41081.29,36,12.0,1
1894,B,7111.7,7.87,,85975.86,60,4.0,0
1895,C,8647.05,9.14,0.1371,83261.29,36,3.0,0
1896,D,15602.74,17.67,0.1859,29873.98,60,11.0,0
1897,C,12488.41,10.16,0.1493,78112.33,36,,0
1898,A,6392.43,4.11,,84740.35,60,4.0,0
1899,B,4166.49,9.04,0.1544,92964.71,36,0.0,0
1900,E,18898.34,17.21,0.3521,56931.94,60,12.0,1
1901,C,17080.92,9.76,0.2602,59203.32,60,1.0,0
1902,A,10159.4,3.0,,90613.9,36,9.0,0
1903,D,13904.92,16.58,0.2519,67580.27,36,5.0,0
1904,A,8608.99,4.18,0.0992,110408.17,36,0.0,0
1905,D,8711.14,19.89,0.2303,72256.74,60,,0
1906,B,8882.02,7.01,0.1179,67763.86,36,11.0,0
1907,F,15463.67,21.12,,23866.12,36,8.0,0
1908,B,9109.99,7.65,0.1531,54543.49,60,7.0,1
1909,B,7577.76,8.86,0.1508,39152.81,60,4.0,0
1910,A,4294.42,4.29,0.0518,66128.88,36,2.0,0
1911,B,13288.03,9.42,0.1905,81669.22,36,7.0,0
1912,E,12366.02,17.53,0.2397,49933.92,36,6.0,1
1913,G,25150.54,23.93,0.4273,58391.05,36,8.0,0
1914,B,9962.19,5.8,0.1789,71076.33,36,3.0,0
1915,C,9411.87,8.66,,52744.34,60,12.0,0
1916,D,14375.11,14.72,0.2691,56577.25,36,0.0,0
1917,E,21937.77,18.55,0.3111,58497.74,36,0.0,1
1918,C,13690.38,11.05,0.1976,62506.02,36,11.0,0
1919,B,7059.61,10.37,0.1508,67712.32,60,7.0,0
1920,B,7215.94,10.34,0.1537,51157.1,36,3.0,0
1921,D,12628.49,15.0,0.2578,47206.43,60,9.0,0
1922,A,9688.15,3.0,0.1036,110652.29,36,4.0,0
1923,C,13502.56,11.15,0.1338,82112.4,36,0.0,0
1924,B,9383.16,7.6,,38470.86,60,,0
1925,E,14653.15,18.01,0.3159,15000.0,36,2.0,1
1926,A,4239.78,3.95,0.1058,71371.46,60,1.0,0
1927,C,12564.51,11.02,0.2572,76082.51,60,2.0,0
1928,C,11091.42,11.42,0.2372,50641.05,36,5.0,0
1929,D,15640.25,14.55,0.1978,73389.86,60,0.0,0
1930,A,3055.01,5.31,0.09,71073.78,60,10.0,0
1931,C,11705.19,12.54,0.1813,57064.9,60,6.0,0
1932,C,10416.57,10.63,0.1997,73610.07,36,,0
1933,C,11484.03,13.91,0.1998,50426.24,36,7.0,0
1934,C,9860.55,10.53,0.2367,54839.29,36,9.0,0
1935,D,7687.02,13.07,0.2606,67063.01,60,6.0,0
1936,E,14711.11,19.57,0.3738,49434.87,36,2.0,1
1937,B,5356.13,7.27,0.1645,99357.97,36,1.0,0
1938,E,15790.7,19.48,0.2502,62488.86,36,10.0,0
1939,C,9086.85,8.39,0.172,71318.65,60,2.0,1
1940,A,5360.64,7.09,0.1362,69108.92,36,0.0,0
1941,A,8705.01,6.01,0.01,85745.58,36,7.0,0
1942,B,9195.21,6.25,0.0692,59193.06,60,1.0,0
1943,E,17217.55,16.78,0.3006,55082.8,36,12.0,1
1944,D,15956.81,18.01,0.3071,38506.73,36,,0
1945,E,11690.93,17.89,0.3784,68709.95,36,6.0,0
1946,C,12353.73,10.75,0.187,65230.88,36,10.0,0
1947,C,13290.12,8.6,0.2636,95685.24,36,,1
1948,A,10403.14,4.47,0.1043,113061.37,36,9.0,0
1949,B,5205.35,8.16,0.0581,78739.75,36,7.0,0
1950,C,8481.92,13.07,0.1995,61231.66,60,0.0,1
1951,A,7743.02,3.0,0.0629,52970.84,36,11.0,0
1952,B,11630.64,6.22,0.2051,81285.5,36,10.0,0
1953,C,9262.29,12.68,0.1985,63785.12,36,12.0,0
1954,D,11189.98,17.01,0.1733,64684.63,36,8.0,1
1955,G,22261.47,23.64,0.31,71136.17,60,4.0,1
1956,F,20983.95,24.12,0.3487,30160.38,36,2.0,0
1957,D,10468.39,15.56,0.1048,38362.52,36,1.0,1
1958,C,16295.24,13.64,,55744.33,60,1.0,0
1959,D,17551.3,15.39,0.2639,69781.62,60,2.0,1
1960,E,14416.46,15.22,0.2366,59987.61,60,6.0,0
1961,A,10061.33,4.77,0.1596,53877.61,60,7.0,0
1962,B,8051.86,10.09,0.2215,78617.95,36,3.0,0
1963,E,17799.79,17.66,0.239,28378.17,60,6.0,0
1964,B,15313.58,7.92,0.1321,49920.65,60,3.0,0
1965,C,16355.87,11.74,0.2597,57921.77,36,8.0,0
1966,C,9148.6,7.65,0.1999,50038.24,60,12.0,0
1967,A,6306.99,7.51,0.0163,86017.47,36,7.0,0
1968,B,5812.3,7.15,0.1414,70154.81,60,0.0,0
1969,B,10235.91,9.26,0.0988,96780.1,36,5.0,0
1970,A,4752.97,4.87,0.1665,65550.66,36,9.0,0
1971,A,4077.99,6.89,0.1364,67800.36,36,,0
1972,E,12765.64,19.61,0.2812,71786.89,36,,0
1973,B,8297.46,8.15,0.1585,63363.43,36,0.0,0
1974,C,8666.96,10.66,0.1215,86892.09,36,3.0,0
1975,B,12927.95,9.7,0.1048,74734.91,60,2.0,0
1976,F,22202.49,19.69,0.4432,15000.0,60,9.0,1
1977,B,7886.39,9.47,0.1532,86196.27,36,5.0,0
1978,C,9099.11,10.35,0.2558,76429.08,60,1.0,1
1979,E,19384.45,20.88,0.3139,67123.99,36,3.0,1
1980,E,15440.53,19.24,0.3789,15602.39,60,,1
1981,A,7156.66,5.97,0.01,58066.18,36,12.0,0
1982,E,16931.38,19.12,0.2887,39403.31,60,3.0,0
1983,C,13652.6,9.37,0.2987,44859.82,60,1.0,1
1984,C,13096.82,10.71,0.2574,91354.61,36,5.0,1
1985,A,9354.69,6.01,0.1795,69788.18,36,3.0,0
1986,A,9584.62,5.25,0.0996,69341.9,60,6.0,0
1987,D,13390.79,17.27,0.2178,64936.15,60,5.0,0
1988,C,8188.82,12.6,0.1384,70247.43,36,,0
1989,C,11611.68,10.55,0.1342,15000.0,36,11.0,0
1990,D,12576.72,14.31,0.2984,43365.56,60,2.0,1
1991,D,12679.44,15.65,,29569.81,60,9.0,0
1992,A,7682.88,3.0,,77205.51,36,,0
1993,C,11166.97,14.51,0.2305,54799.94,60,4.0,1
1994,A,3530.38,5.66,0.1085,70276.98,36,,0
1995,D,10152.76,17.34,,17586.64,60,9.0,1
1996,D,13825.87,13.13,0.3072,49422.66,60,8.0,0
1997,F,20544.14,24.37,0.286,65072.34,36,2.0,1
1998,A,6220.22,8.35,,95370.09,36,4.0,0
1999,A,7123.45,3.02,0.01,82939.54,60,,0
2000,B,7419.81,9.66,0.158,40961.62,36,1.0,0
2001,B,11344.23,8.5,0.1863,87669.23,60,8.0,0
2002,B,8372.08,6.18,0.0712,78032.04,60,7.0,0
2003,F,22161.31,23.24,0.325,42890.6,36,10.0,0
2004,B,8929.74,9.75,0.1506,28549.35,60,6.0,0
2005,B,10662.99,7.6,,82164.71,36,6.0,0
2006,D,13640.89,17.25,0.2333,44341.01,60,6.0,0
2007,C,10936.96,9.5,0.1297,66230.98,60,2.0,0
2008,D,18957.14,13.26,0.2468,56231.09,60,8.0,1
2009,A,4457.59,5.2,0.01,97691.11,36,7.0,0
2010,C,12147.86,12.04,0.186,57743.39,36,10.0,0
2011,A,7797.46,3.93,0.0735,69727.96,36,9.0,0
2012,A,8321.51,6.21,0.0919,98415.08,36,7.0,0
2013,F,20208.39,23.3,0.3164,33152.0,36,1.0,0
2014,A,8390.02,6.29,0.01,84657.81,60,11.0,0
2015,C,13782.35,11.82,0.178,56424.92,36,3.0,0
2016,B,6717.72,9.4,0.2058,46954.24,36,12.0,0
2017,B,8581.29,7.83,0.2257,65020.9,36,,0
2018,E,17488.82,22.08,0.4464,62450.69,36,1.0,1
2019,A,10607.87,3.78,0.2015,94366.78,60,10.0,1
2020,D,11517.22,18.66,0.1782,81544.49,36,9.0,0
2021,G,21358.23,26.05,0.3755,34694.25,36,9.0,1
2022,C,15299.25,9.94,0.1986,42229.51,36,1.0,0
2023,F,19158.17,24.55,0.3449,39262.7,36,10.0,0
2024,A,3823.19,5.19,0.1042,48732.45,36,,0
2025,B,11881.9,9.78,0.2945,61087.05,60,5.0,0
2026,B,5823.54,10.34,0.0851,58850.02,60,11.0,0
2027,D,12134.34,16.01,0.2072,68094.82,36,7.0,0
2028,G,17919.53,25.11,0.4986,15000.0,36,1.0,0
2029,B,12950.89,9.96,0.113,51795.06,60,5.0,0
2030,D,9082.94,15.5,0.2736,41940.67,36,7.0,0
2031,A,7574.28,6.03,0.1621,91368.29,36,,0
2032,C,13686.16,8.77,0.2292,39950.8,36,2.0,0
2033,C,9586.23,12.67,0.2115,64079.83,60,9.0,0
2034,G,21769.01,25.04,0.4563,37693.69,60,9.0,1
2035,C,7980.56,14.48,0.1464,78774.77,36,1.0,0
2036,B,10736.48,9.43,0.1202,75724.97,36,0.0,0
2037,A,8011.66,5.36,0.1321,72182.39,60,6.0,0
2038,A,5613.84,5.73,0.01,60016.0,60,9.0,0
2039,B,6298.59,7.0,0.235,31657.83,60,6.0,0
2040,B,7681.66,10.93,0.1682,69447.54,60,9.0,0
2041,E,12563.76,21.99,0.3092,59548.82,60,7.0,1
2042,C,12872.28,12.59,0.1022,31652.38,36,7.0,0
2043,C,11248.07,14.39,0.1228,37793.51,36,0.0,0
2044,A,8933.74,4.15,0.0761,74541.94,36,1.0,0
2045,E,16730.7,17.8,0.3484,56104.55,36,8.0,1
2046,D,14771.44,15.56,0.1254,37168.35,60,9.0,0
2047,A,7970.03,5.65,0.1473,59666.84,60,6.0,0
2048,D,10045.71,14.91,0.2284,21943.2,60,6.0,0
2049,C,20249.96,12.81,0.1866,84790.75,60,6.0,0
2050,A,4430.84,5.46,0.1152,46602.26,36,1.0,0
2051,C,10200.41,10.5,0.2162,69760.67,60,7.0,1
2052,C,9858.13,12.78,,59370.71,36,5.0,0
2053,A,8198.14,6.3,0.1375,93212.69,60,,0
2054,F,23185.33,22.76,0.2108,30739.43,36,6.0,1
2055,E,19174.81,20.73,0.273,51102.55,36,9.0,0
2056,D,15267.72,13.67,0.2592,24428.32,36,3.0,0
2057,C,12163.58,12.7,0.1793,25106.52,36,4.0,0
2058,B,6394.87,6.74,0.0404,75734.0,36,4.0,0
2059,D,11010.89,13.83,0.2955,22869.53,36,9.0,0
2060,C,10766.94,11.05,0.1251,55892.08,36,4.0,0
2061,A,8060.92,3.59,0.0959,88203.32,60,1.0,0
2062,C,10451.28,11.18,0.2092,73440.33,60,12.0,0
2063,E,17176.89,18.68,0.3012,38037.46,60,5.0,1
2064,C,11368.3,13.26,0.2701,31406.94,60,1.0,0
2065,A,3931.68,4.52,0.0968,79170.91,36,7.0,0
2066,E,14473.8,16.62,0.3256,74160.62,60,8.0,1
2067,B,14760.38,10.21,0.1466,53079.71,36,5.0,0
2068,B,4046.56,7.24,0.1868,50540.37,36,7.0,0
2069,A,3275.94,4.91,0.1836,60551.76,60,1.0,0
2070,B,11696.0,9.17,0.1583,75288.96,36,3.0,0
2071,D,14326.33,15.8,0.2969,77113.32,36,1.0,0
2072,C,13196.15,13.64,0.2873,37687.08,60,4.0,0
2073,B,6296.94,9.22,0.2314,38030.93,60,6.0,0
2074,E,14232.07,17.71,0.2769,92119.93,60,4.0,0
2075,E,15344.89,22.27,0.3622,46808.19,36,6.0,0
2076,E,16218.97,19.29,0.3149,54552.07,60,5.0,0
2077,B,5261.03,8.28,0.217,52545.24,60,3.0,0
2078,C,8276.26,13.45,0.2341,68819.32,60,1.0,0
2079,G,23419.71,26.37,0.4165,57281.1,60,2.0,0
2080,D,12558.61,16.1,0.276,60396.33,36,2.0,0
2081,A,5475.28,8.74,0.1153,101335.45,36,8.0,0
2082,A,9723.26,4.59,,64118.6,60,9.0,0
2083,C,10030.26,11.52,0.1905,55268.12,60,8.0,0
2084,F,17250.93,22.67,0.3349,49165.31,36,7.0,0
2085,C,14051.48,13.61,0.3058,68369.31,60,3.0,0
2086,C,13863.04,9.74,0.2287,64103.05,36,8.0,0
2087,A,8024.98,3.0,0.0656,46880.53,36,6.0,0
2088,D,16374.71,14.62,0.2334,60625.27,36,0.0,1
2089,E,15251.89,16.55,0.3634,43264.88,36,11.0,0
2090,B,5495.74,7.86,0.1058,54542.41,36,,0
2091,D,11766.41,16.25,0.1611,55584.68,60,5.0,0
2092,G,19535.87,24.66,0.3155,22692.59,36,5.0,1
2093,B,11808.11,6.36,0.0463,44562.96,36,10.0,0
2094,C,10212.56,12.1,0.1221,15000.0,60,11.0,0
2095,B,4767.6,9.79,0.0791,96450.27,36,11.0,0
2096,E,20282.79,16.46,0.3831,60003.16,60,6.0,1
2097,C,15410.82,13.23,0.1972,57898.25,60,7.0,1
2098,D,15528.45,16.73,0.2282,42989.98,36,1.0,0
2099,E,20108.85,20.43,,15000.0,60,5.0,1
2100,B,6965.08,10.33,0.1414,51886.48,60,11.0,0
2101,F,21551.64,25.8,0.2458,57885.59,60,4.0,0
2102,C,12429.05,11.47,0.1778,76959.14,36,0.0,0
2103,A,9124.26,5.16,0.2239,81561.26,36,2.0,0
2104,D,21474.46,14.88,0.2898,57851.06,36,4.0,1
2105,E,16048.73,19.0,0.2874,73469.73,60,2.0,0
2106,B,12211.38,10.8,0.1919,59086.33,60,4.0,0
2107,E,15713.24,16.98,0.2687,69533.4,60,3.0,1
2108,F,17274.51,21.21,0.302,38077.52,36,3.0,1
2109,B,8843.32,10.57,0.2522,49139.46,36,1.0,0
2110,G,23963.21,27.53,0.3315,21897.17,36,10.0,0
2111,A,7147.13,4.46,0.0788,50839.06,36,8.0,0
2112,B,8475.94,9.78,0.1684,76863.22,60,7.0,0
2113,A,3819.38,5.51,0.0438,56630.58,36,6.0,0
2114,E,20450.29,21.25,0.339,31405.48,36,4.0,1
2115,D,10636.01,15.61,0.2316,67847.23,60,9.0,0
2116,A,9521.1,6.54,0.1398,75903.47,36,,0
2117,C,11599.6,15.96,0.2352,77326.66,60,0.0,0
2118,C,10411.23,12.9,0.1854,69226.79,36,0.0,1
2119,A,2783.74,5.07,0.2026,56443.99,60,7.0,0
2120,E,23882.55,20.08,0.2601,51369.84,36,2.0,0
2121,E,16082.35,18.45,0.3809,52252.39,36,,1
2122,C,13304.15,15.58,0.2705,43455.14,60,,0
2123,G,21876.49,26.27,0.5063,20116.75,60,,1
2124,B,13790.93,8.09,0.1604,52747.01,36,4.0,0
2125,G,22415.76,24.75,0.3527,76658.48,60,8.0,1
2126,D,13899.15,17.15,0.3746,47570.61,60,1.0,1
2127,D,19022.23,16.8,0.2299,77191.6,36,10.0,0
2128,A,6145.55,4.25,0.0512,61564.11,60,0.0,0
2129,E,18916.17,19.86,0.2886,65999.1,36,12.0,0
2130,C,12654.3,9.74,0.1411,76244.85,36,1.0,1
2131,A,8645.55,5.28,0.1316,87146.63,36,8.0,0
2132,A,2384.49,5.68,,76980.89,36,0.0,0
2133,C,13419.08,14.56,0.1828,84792.6,36,4.0,0
2134,C,16454.32,10.84,,66810.37,36,7.0,0
2135,D,8866.4,13.58,0.2874,85843.54,36,0.0,1
2136,E,13477.84,17.66,0.3009,20841.44,60,4.0,1
2137,A,9647.11,3.0,0.1103,76269.15,60,3.0,0
2138,D,12397.45,17.5,0.2507,60099.82,36,5.0,1
2139,A,9957.39,7.32,0.0741,53142.64,36,5.0,0
2140,E,16171.44,19.48,0.2998,60432.52,60,,0
2141,E,14033.23,20.83,0.3295,23178.51,36,1.0,0
2142,C,11577.39,12.2,0.1924,48224.68,36,1.0,0
2143,D,17577.69,15.36,0.2752,19016.42,36,4.0,0
2144,B,8642.57,8.0,0.0998,93055.28,60,10.0,0
2145,C,9183.22,11.53,0.1638,55832.11,36,10.0,0
2146,E,17933.82,16.68,0.2559,89003.91,36,6.0,0
2147,C,8984.53,12.4,0.1661,74453.1,60,10.0,1
2148,B,11707.22,8.44,0.2272,73065.77,36,9.0,0
2149,C,10937.82,13.12,0.2436,49447.9,36,2.0,0
2150,E,19466.63,19.14,0.2354,31165.7,60,1.0,0
2151,B,8893.76,8.26,0.1762,74413.49,36,3.0,0
2152,A,7229.38,3.69,0.0766,68712.75,60,2.0,0
2153,D,12422.59,15.61,0.2091,30893.13,36,7.0,0
2154,E,12790.19,20.11,0.2109,22696.55,36,6.0,0
2155,A,1663.73,3.28,0.1583,52743.33,36,6.0,0
2156,B,9880.53,8.63,0.0682,97777.41,60,2.0,0
2157,A,7371.0,5.35,0.0969,109839.0,36,9.0,0
2158,B,11822.7,7.42,0.0932,68689.8,36,4.0,0
2159,C,15485.67,11.12,0.2466,62680.97,60,5.0,0
2160,D,8273.88,15.85,0.2299,48946.23,60,12.0,1
2161,D,15817.46,13.8,0.2419,38179.26,36,3.0,0
2162,D,8659.47,16.02,0.244,79753.22,36,4.0,0
2163,B,11154.89,7.16,0.1682,98724.38,36,7.0,0
2164,E,21421.22,20.59,0.3008,33918.46,36,,0
2165,C,11289.39,15.51,0.1974,58508.91,60,1.0,0
2166,G,23881.71,24.71,0.3689,31902.41,60,8.0,1
2167,D,10241.73,16.3,0.1555,47435.7,36,11.0,0
2168,A,2735.8,3.91,0.0329,91346.35,36,4.0,0
2169,D,17606.73,17.06,0.2931,31384.69,60,3.0,0
2170,B,10159.98,6.6,0.1317,73396.45,60,7.0,0
2171,D,10366.66,16.22,0.2102,68108.29,36,2.0,0
2172,A,8562.42,3.69,0.0157,67441.28,36,4.0,0
2173,A,8072.59,4.69,0.01,86075.22,36,11.0,0
2174,E,12959.8,17.45,0.2578,52657.73,60,6.0,0
2175,B,9731.12,9.73,0.2033,86908.34,36,1.0,0
2176,E,13692.77,17.74,0.2666,22600.3,60,3.0,0
2177,B,7286.7,9.33,0.174,58722.05,36,7.0,0
2178,D,12836.85,14.98,0.2138,53707.36,60,5.0,0
2179,D,8693.83,15.33,,15000.0,36,7.0,1
2180,C,10901.45,12.22,0.1789,40452.85,36,9.0,0
2181,B,7037.14,7.36,0.0761,50355.21,36,5.0,0
2182,B,5879.06,8.82,0.1339,82067.71,36,12.0,0
2183,A,2844.63,7.3,0.21,57276.82,36,11.0,0
2184,B,12413.67,7.33,,50274.58,60,0.0,0
2185,D,16442.31,17.26,0.2792,69714.74,36,,1
2186,F,21862.67,24.75,0.3418,15877.61,36,,0
2187,E,15085.96,17.78,0.3182,15000.0,36,2.0,0
2188,D,16504.75,13.32,0.269,48491.34,36,3.0,1
2189,E,14544.96,19.45,0.2976,23941.28,36,4.0,0
2190,D,16670.33,14.68,0.2765,29625.77,36,0.0,1
2191,B,10330.85,11.3,0.1625,75321.81,36,1.0,1
2192,F,18139.89,22.55,0.331,60767.53,36,1.0,0
2193,D,9984.72,14.3,0.1783,69199.56,36,0.0,0
2194,C,7697.77,10.28,0.1724,79957.98,36,5.0,0
2195,A,10093.3,6.63,0.148,92340.42,36,3.0,0
2196,C,12620.07,11.14,0.1981,21685.38,60,11.0,0
2197,C,12973.62,12.07,0.218,68107.42,36,1.0,0
2198,E,14965.0,20.43,0.283,40467.05,36,11.0,1
2199,C,12009.15,11.27,0.1364,46546.36,60,1.0,0
2200,B,6225.99,8.43,0.1357,75087.46,36,6.0,0
2201,G,19320.15,25.98,0.3387,15000.0,36,2.0,0
2202,A,10302.88,6.02,0.0348,38480.05,36,9.0,0
2203,C,13237.04,12.89,0.2723,71404.31,60,0.0,1
2204,A,10579.09,4.67,0.0748,78780.15,60,,0
2205,D,15581.28,15.6,0.2055,57461.19,60,0.0,0
2206,F,16513.58,21.94,0.4471,29161.56,60,2.0,1
2207,B,6145.81,6.28,0.1989,78388.93,60,5.0,0
2208,E,14628.96,19.39,0.2777,62245.45,60,8.0,0
2209,B,14071.52,11.34,0.1757,66535.48,36,12.0,0
2210,F,21561.8,21.17,0.3359,23808.22,36,4.0,1
2211,D,13866.08,14.34,0.2084,47345.53,60,8.0,1
2212,E,13586.33,17.69,,65081.01,60,8.0,0
2213,A,2830.45,6.09,0.0805,93889.44,36,6.0,0
2214,G,21845.65,26.67,0.4045,34122.34,36,,1
2215,D,9531.41,15.26,0.3113,50505.89,60,0.0,0
2216,B,10418.42,7.12,,62089.6,36,4.0,0
2217,E,18391.17,19.14,0.267,54948.07,36,9.0,1
2218,B,7490.37,6.15,0.1792,54540.79,60,5.0,0
2219,E,16354.71,19.22,0.2323,15000.0,36,10.0,1
2220,A,9393.03,6.31,0.127,91469.84,36,10.0,0
2221,D,6037.99,13.62,0.2589,87304.4,60,10.0,1
2222,C,14253.33,9.7,0.2227,48976.8,36,1.0,0
2223,A,1000.0,7.37,,50800.24,60,2.0,0
2224,B,11714.21,7.58,0.275,62532.19,60,0.0,0
2225,A,5967.61,6.7,0.0459,66624.93,60,12.0,0
2226,C,7556.51,11.77,0.2583,77919.33,60,2.0,1
2227,B,9887.11,8.26,,65983.51,36,3.0,0
2228,C,7570.85,12.66,0.2303,45732.79,36,,1
2229,B,10310.6,7.17,0.1845,41268.63,60,0.0,0
2230,B,9661.04,8.7,0.1533,80581.42,36,,0
2231,D,16867.91,14.93,0.2203,65791.2,36,1.0,0
2232,A,6877.54,3.02,,89090.08,60,4.0,0
2233,F,20928.22,23.01,0.366,27572.64,60,12.0,1
2234,E,17305.85,18.61,0.4074,83091.86,60,8.0,0
2235,D,13190.12,15.26,0.1977,23613.5,60,8.0,1
2236,C,10739.97,10.18,0.1666,72772.82,60,4.0,0
2237,E,16582.26,21.39,,15627.51,60,9.0,1
2238,A,3762.77,6.32,0.0846,55774.04,36,11.0,0
2239,A,5281.86,6.45,0.094,98098.41,36,12.0,0
2240,B,4960.78,8.04,0.2142,79964.56,60,1.0,1
2241,E,18410.01,16.41,0.1308,40168.03,36,10.0,1
2242,A,10616.64,7.93,0.0641,60660.93,60,2.0,0
2243,C,10406.63,11.91,0.0955,61811.2,60,4.0,1
2244,G,20490.62,24.88,0.3283,49254.54,60,3.0,1
2245,E,15808.27,19.63,0.4443,72528.43,60,7.0,1
2246,C,10532.39,13.75,0.2359,51787.79,60,6.0,1
2247,A,13309.34,4.97,0.1571,40987.87,36,1.0,0
2248,E,19337.55,20.92,0.2952,52825.44,36,9.0,1
2249,C,8376.29,13.62,0.2455,51766.24,36,4.0,0
2250,A,2127.89,3.39,0.01,46588.59,36,0.0,0
2251,A,7668.77,3.99,0.1623,75358.04,36,4.0,0
2252,F,17931.74,23.94,0.3008,41163.95,60,5.0,1
2253,D,13563.52,11.43,0.2181,60517.22,36,0.0,1
2254,E,17489.75,18.78,0.3303,33900.0,36,,0
2255,E,13886.47,16.85,0.319,58760.79,36,12.0,0
2256,C,15571.04,11.29,0.2051,36292.23,36,10.0,0
2257,C,12720.45,11.55,0.1182,45100.83,36,1.0,0
2258,C,12998.31,11.46,0.206,55627.54,36,6.0,1
2259,B,7761.26,7.67,,96352.73,60,4.0,0
2260,C,10192.8,10.35,0.1681,74126.86,36,6.0,0
2261,D,11812.64,18.94,0.3289,74389.47,36,5.0,0
2262,C,12885.58,14.8,0.1476,85507.39,36,0.0,0
2263,E,15970.73,17.26,0.3004,114850.98,60,3.0,1
2264,C,8682.77,14.37,0.2921,60748.6,60,1.0,0
2265,C,14091.3,11.4,0.1591,85567.22,60,,0
2266,D,8564.24,15.69,,73227.43,60,11.0,0
2267,C,7131.06,11.91,0.3185,77928.59,36,12.0,0
2268,D,9866.82,14.51,0.2603,86936.31,36,11.0,0
2269,B,5810.88,9.98,0.1184,57452.37,36,12.0,0
2270,C,11020.48,12.19,0.1536,51023.67,60,0.0,0
2271,A,10160.2,4.29,0.1783,75755.78,36,8.0,0
2272,B,15215.2,6.54,,61711.4,60,2.0,0
2273,C,10123.45,10.66,0.287,65733.02,36,10.0,0
2274,D,14925.55,13.04,0.248,83129.48,36,9.0,0
2275,F,19996.98,22.52,0.4123,36393.36,36,4.0,0
2276,C,12296.17,10.21,0.1971,54515.78,60,5.0,0
2277,D,12017.75,15.1,0.197,58137.6,36,,0
2278,C,12557.61,14.06,0.2675,55890.27,60,3.0,1
2279,D,8360.8,17.3,0.348,20547.9,36,12.0,1
2280,A,5011.33,4.95,0.0388,59557.7,36,10.0,0
2281,B,7750.32,8.37,0.0876,77372.72,36,2.0,0
2282,B,6980.67,11.32,,90875.84,36,2.0,0
2283,C,5593.88,12.78,0.2574,39216.87,36,1.0,0
2284,A,4357.63,4.51,0.032,49132.92,36,12.0,0
2285,A,8662.5,3.0,0.1136,70544.21,36,11.0,0
2286,B,9468.77,9.09,0.1146,27639.29,60,6.0,0
2287,G,20779.47,27.24,0.442,31990.54,36,,1
2288,B,8256.57,7.55,0.1021,33751.24,36,8.0,0
2289,C,9322.65,12.44,0.2463,84643.1,60,2.0,0
2290,A,10689.77,4.45,0.0905,56152.04,60,11.0,0
2291,C,8093.11,11.72,0.1438,89751.02,36,5.0,0
2292,B,6478.16,4.77,0.1538,85043.38,60,1.0,0
2293,B,8241.86,8.17,0.0337,53366.29,60,4.0,0
2294,C,15013.21,13.45,0.1665,40704.73,36,6.0,0
2295,A,1652.72,4.05,0.1202,66516.18,36,3.0,0
2296,A,6754.52,5.08,0.01,68116.36,36,8.0,0
2297,B,3944.9,7.37,0.01,71230.64,36,10.0,0
2298,A,2212.7,5.54,0.01,56022.22,60,9.0,0
2299,A,1000.0,4.68,0.1796,83435.11,36,7.0,0
2300,B,11771.58,7.09,0.1454,69775.9,36,5.0,0
2301,E,20016.86,21.0,0.2681,43872.89,60,2.0,1
2302,C,10680.39,13.39,0.2567,47183.27,60,4.0,0
2303,C,8928.22,11.09,0.1757,56672.07,36,3.0,0
2304,B,7364.25,9.25,0.1661,50295.78,60,11.0,0
2305,F,20414.48,23.31,0.3515,46051.9,60,11.0,0
2306,B,1998.9,9.46,0.1217,66537.9,60,1.0,0
2307,A,8966.38,3.0,0.1176,74710.73,36,9.0,0
2308,C,18529.41,13.51,0.2464,91792.36,36,8.0,0
2309,A,2002.52,4.15,0.0889,67616.0,36,12.0,0
2310,B,6503.45,7.96,0.1224,83082.76,36,5.0,0
2311,C,13411.66,15.96,,64132.57,36,8.0,0
2312,E,18891.49,19.45,,45711.6,60,5.0,1
2313,C,12881.93,11.42,,57855.13,36,0.0,0
2314,D,17448.74,12.19,0.1775,53941.12,36,0.0,0
2315,G,22461.05,28.08,0.4378,45035.82,60,1.0,1
2316,A,8747.09,3.0,0.0946,52732.23,36,3.0,0
2317,B,8991.33,6.99,0.1563,38623.87,60,2.0,0
2318,B,6399.63,8.0,,76777.35,60,8.0,0
2319,C,10806.55,14.12,0.1444,76166.23,60,8.0,0
2320,B,6896.09,9.66,,78421.44,36,12.0,0
2321,F,19453.29,22.26,0.3661,47789.5,60,3.0,1
2322,D,13884.15,15.96,0.2389,68810.04,60,11.0,1
2323,C,14902.44,11.1,0.1443,72841.72,60,6.0,0
2324,B,11180.57,8.71,0.1857,79177.33,60,5.0,0
2325,E,18560.91,19.11,0.3422,34528.27,36,7.0,0
2326,F,19993.73,23.95,0.3568,25254.87,36,8.0,1
2327,E,14520.48,20.45,0.2358,43005.75,60,1.0,0
2328,A,3410.23,5.74,0.0684,69687.09,60,8.0,0
2329,D,13872.69,14.96,0.2464,50645.42,60,8.0,1
2330,A,6280.98,6.11,0.1413,36219.57,36,12.0,0
2331,B,5293.26,8.36,0.055,95990.47,36,11.0,0
2332,A,5850.04,3.38,0.0662,65067.17,36,7.0,0
2333,C,13063.59,11.4,0.1758,63108.68,60,8.0,1
2334,D,17137.68,15.63,0.245,77401.88,60,11.0,1
2335,A,8901.84,6.37,0.0219,27790.5,36,,0
2336,B,10724.39,8.22,0.1369,55789.51,60,9.0,0
2337,C,11331.61,10.19,0.1814,53031.89,36,9.0,0
2338,B,7509.21,8.59,0.0877,58946.42,36,1.0,0
2339,A,5829.3,5.17,0.0929,66877.24,36,10.0,0
2340,B,8573.75,8.78,0.1175,91048.43,60,,0
2341,D,15514.99,16.88,0.2797,67122.26,60,6.0,1
2342,A,9027.26,6.53,0.0469,87244.63,36,4.0,0
2343,A,7283.88,4.11,0.1054,70848.16,36,3.0,0
2344,B,12539.99,7.58,0.1015,39811.29,60,3.0,0
2345,F,24008.3,20.94,0.314,15000.0,36,10.0,0
2346,D,12341.99,16.55,0.2678,27470.66,60,9.0,0
2347,D,18644.78,17.67,0.2641,61475.78,60,5.0,0
2348,B,10588.97,8.03,0.125,65571.85,36,7.0,0
2349,C,10729.56,11.64,0.1838,56217.05,36,12.0,0
2350,A,5060.37,7.2,0.0128,63365.62,36,4.0,0
2351,D,11858.75,16.26,0.3342,91210.99,36,6.0,0
2352,F,20844.33,23.15,0.3912,30187.74,60,5.0,1
2353,C,13037.27,10.21,0.2391,76700.75,36,,0
2354,E,15935.17,20.02,0.2043,50034.43,60,3.0,0
2355,D,13537.59,14.11,0.2143,53903.09,36,12.0,0
2356,A,10982.63,3.3,0.0799,91179.48,60,3.0,0
2357,F,19030.81,21.98,,71325.55,36,1.0,0
2358,A,7778.19,4.12,0.1534,65688.11,60,2.0,0
2359,C,13265.16,11.67,0.2872,74385.65,60,4.0,0
2360,A,6665.47,3.0,0.2237,76550.04,36,7.0,0
2361,A,9521.94,6.44,0.0372,70133.87,36,5.0,0
2362,C,11431.63,13.69,0.207,63676.59,60,4.0,0
2363,B,12111.8,5.58,0.2294,52615.84,36,6.0,0
2364,C,9200.67,13.47,0.1848,54490.21,36,10.0,0
2365,C,11332.52,10.78,0.166,49548.56,60,10.0,0
2366,A,9737.05,6.29,0.01,86224.78,36,8.0,1
2367,A,5094.41,4.9,0.168,68286.38,36,12.0,0
2368,C,12950.5,12.04,0.1988,36641.15,60,6.0,1
2369,B,8527.08,8.22,0.1062,51978.13,60,0.0,0
2370,D,9971.45,17.32,0.267,15000.0,36,3.0,0
2371,D,17554.47,13.64,0.2592,46099.13,36,3.0,0
2372,E,14568.03,19.91,0.3101,50677.61,60,6.0,0
2373,D,19433.82,17.15,0.237,52549.55,36,11.0,0
2374,C,8921.06,13.07,0.2973,95642.78,60,10.0,0
2375,D,16026.36,18.99,0.242,65348.31,36,2.0,0
2376,B,12883.42,7.71,0.2472,74548.13,60,5.0,0
2377,B,7912.51,9.94,0.1838,35421.16,36,7.0,0
2378,E,15884.2,18.84,0.3211,43436.44,60,12.0,0
2379,C,15806.22,13.85,0.1932,51240.07,36,0.0,1
2380,E,19229.35,18.99,0.3584,35850.54,36,5.0,1
2381,E,19262.93,18.42,0.3068,35602.15,36,,1
2382,E,14291.66,20.96,0.2441,17453.79,36,12.0,0
2383,F,19558.15,21.76,0.2921,22034.64,36,3.0,0
2384,C,6120.43,9.88,0.2253,75733.68,60,0.0,0
2385,B,9070.16,7.72,0.0956,62427.54,60,6.0,0
2386,C,8277.18,12.93,0.1963,50884.76,36,10.0,0
2387,B,13054.96,10.59,0.2134,64902.6,36,,0
2388,C,14244.32,12.17,0.2182,81013.03,60,11.0,0
2389,D,14353.24,17.48,0.2067,55075.79,36,3.0,0
2390,D,12133.98,13.46,,64726.73,36,6.0,1
2391,B,9783.67,7.84,0.1829,49761.11,36,8.0,0
2392,A,3332.37,4.57,0.1611,58864.66,36,,0
2393,C,11166.13,11.83,,66371.58,36,3.0,0
2394,A,6616.36,5.13,0.1199,104067.77,60,5.0,0
2395,E,14604.67,20.04,0.3505,75735.95,36,10.0,1
2396,B,7947.54,7.83,,75490.91,60,1.0,0
2397,A,3746.43,5.21,,72725.81,36,7.0,0
2398,A,5683.1,4.93,0.1724,95219.25,36,7.0,0
2399,D,16181.54,14.11,0.3487,69304.21,36,,1
2400,D,13887.35,15.33,0.129,15000.0,60,11.0,1
2401,B,7666.27,8.28,0.1787,46029.24,36,6.0,0
2402,A,8208.33,4.75,0.1371,76086.53,36,7.0,0
2403,B,12961.21,8.55,,32834.58,36,6.0,0
2404,B,15022.08,8.61,0.1206,48843.4,36,8.0,0
2405,D,19430.71,14.85,0.2901,42403.33,36,1.0,0
2406,C,11833.22,13.91,0.1631,55389.01,36,11.0,0
2407,B,6437.33,6.75,0.137,59826.26,36,0.0,0
2408,B,7053.38,7.42,0.1987,59795.83,60,7.0,0
2409,G,20589.84,30.17,0.5052,54855.54,36,,1
2410,C,12059.59,10.44,0.2323,55225.97,60,2.0,1
2411,D,18013.06,13.47,0.258,48076.66,36,0.0,0
2412,A,2651.12,6.1,0.069,45714.9,36,,0
2413,C,10442.38,8.88,0.1394,78438.23,60,2.0,0
2414,A,1000.0,4.65,0.1666,57913.04,60,10.0,0
2415,C,14717.41,15.22,0.1908,40433.45,60,10.0,0
2416,G,24276.07,23.68,0.469,43835.63,60,0.0,1
2417,B,7211.94,5.53,0.1302,51195.06,60,3.0,0
2418,A,7180.34,3.0,0.061,60532.85,36,10.0,0
2419,A,6254.02,6.35,0.1252,74652.28,36,2.0,1
2420,B,7498.61,10.19,0.1454,59123.31,36,12.0,1
2421,A,5087.46,4.23,0.0277,111608.97,60,2.0,0
2422,A,4644.56,6.02,0.209,68653.09,60,8.0,0
2423,D,11164.26,17.59,,66121.09,60,4.0,1
2424,C,13815.53,14.68,0.2557,25049.51,36,1.0,1
2425,B,15849.19,8.13,0.2005,49508.32,60,2.0,0
2426,F,21375.8,19.05,0.2744,25435.55,36,7.0,0
2427,A,6650.53,3.77,0.0399,52821.16,60,3.0,0
2428,F,18764.11,21.86,0.3319,52479.68,36,6.0,0
2429,B,5146.63,8.11,0.0981,83640.17,60,2.0,0
2430,E,13403.3,18.72,0.4036,56203.35,36,4.0,1
2431,C,5454.36,13.68,0.188,55920.4,36,5.0,1
2432,E,14846.57,20.91,0.3534,38644.61,60,4.0,0
2433,G,18089.55,25.74,0.4308,60044.8,60,2.0,1
2434,B,9716.15,10.15,0.1658,102282.6,36,5.0,0
2435,G,15698.01,26.54,,42431.0,60,8.0,1
2436,B,11582.07,8.6,,81908.54,60,12.0,0
2437,B,1925.39,9.86,0.1005,71180.67,36,9.0,0
2438,B,10928.27,8.61,0.2536,78599.09,36,1.0,0
2439,C,9139.39,15.09,0.1228,39038.16,36,2.0,0
2440,A,5814.45,3.0,0.1469,61213.55,36,0.0,0
2441,C,9516.31,11.23,0.1157,67118.45,60,1.0,1
2442,C,12887.92,11.81,0.1811,81824.84,36,2.0,0
2443,D,16178.9,16.16,0.2556,40273.58,60,2.0,0
2444,E,18020.33,20.9,0.2708,15000.0,60,2.0,0
2445,C,2417.53,11.96,0.1891,51031.24,60,2.0,0
2446,B,8752.67,6.37,0.0668,83182.35,60,3.0,0
2447,B,10766.06,9.76,0.0908,36489.88,60,,0
2448,A,3942.43,6.13,0.1299,48815.44,36,2.0,0
2449,A,9891.66,3.0,0.1018,72806.53,60,,0
2450,B,8951.67,8.49,0.1086,62912.52,60,2.0,0
2451,B,9635.42,6.11,0.2295,75700.4,36,1.0,0
2452,G,19789.21,25.0,0.3268,17882.92,60,0.0,1
2453,C,17175.84,10.65,0.1783,54150.39,36,5.0,0
2454,B,11571.19,9.71,0.1197,86513.34,36,,0
2455,C,9961.83,12.18,0.2369,38527.87,60,0.0,0
2456,A,6876.42,3.07,0.1029,96584.42,60,,0
2457,C,14807.09,13.32,0.1935,40786.49,60,7.0,0
2458,D,16074.71,13.35,0.1393,70288.87,36,6.0,0
2459,C,20264.41,12.5,0.2519,53286.75,60,10.0,0
2460,B,6503.62,7.28,,44391.65,60,10.0,0
2461,G,19555.44,25.45,0.4069,31055.82,36,0.0,0
2462,E,13844.48,19.76,0.2551,59808.73,36,3.0,0
2463,D,11550.69,16.28,0.1957,54876.63,60,7.0,0
2464,C,6554.03,14.01,0.29,80132.45,36,12.0,1
2465,D,15543.6,15.38,0.1436,80843.32,36,9.0,0
2466,B,7660.25,8.96,0.0867,43705.45,36,1.0,0
2467,B,9464.53,7.84,0.2388,42387.16,60,2.0,1
2468,A,6239.22,5.27,0.1384,46513.71,36,9.0,0
2469,C,12787.52,12.66,0.1805,43814.47,36,5.0,0
2470,C,6916.87,11.85,0.2748,79875.86,36,,0
2471,B,5766.39,5.79,0.1768,75086.52,36,6.0,0
2472,G,21029.39,26.5,0.414,30189.5,36,1.0,0
2473,F,18554.53,23.05,0.3635,44800.15,36,10.0,0
2474,D,17237.43,14.48,0.2779,80277.5,36,10.0,0
2475,C,14032.77,10.07,0.2303,94344.2,36,,0
2476,E,16630.32,21.21,0.4318,54668.92,60,7.0,0
2477,A,11666.46,5.74,0.0883,22132.94,36,7.0,0
2478,E,17276.92,18.66,0.2902,55351.17,60,2.0,0
2479,A,10812.85,3.29,0.0258,86825.47,60,1.0,0
2480,E,16104.03,17.77,0.2969,54043.38,36,0.0,0
2481,B,11350.0,10.45,0.2618,78077.27,36,11.0,0
2482,E,17788.76,19.21,0.3591,56427.18,60,3.0,1
2483,F,20603.65,21.67,0.3174,22776.38,60,,1
2484,A,5738.63,5.76,0.1018,54047.71,36,5.0,0
2485,C,7628.61,10.78,,54219.26,36,0.0,0
2486,G,16609.2,28.25,0.3419,59177.47,36,1.0,1
2487,C,9259.08,14.03,0.209,46214.09,60,5.0,0
2488,E,12084.94,18.3,0.2703,58206.25,60,5.0,1
2489,C,12606.93,11.06,0.1373,65466.47,36,6.0,0
2490,B,5125.64,4.57,0.1794,93551.55,36,7.0,0
2491,B,9127.57,6.28,,64249.76,36,7.0,0
2492,B,5905.55,6.49,0.0559,33414.35,60,4.0,0
2493,D,12975.55,15.7,0.1255,66643.67,36,7.0,0
2494,B,6576.74,8.01,0.1158,103484.99,60,,0
2495,C,8274.7,9.98,0.1047,72822.9,36,4.0,0
2496,C,9550.36,11.58,0.0879,45822.09,60,4.0,0
2497,C,9342.79,12.76,0.2677,40524.97,36,3.0,0
2498,E,13988.09,19.79,0.2941,32846.56,60,2.0,1
2499,G,18091.17,23.15,0.3841,76059.61,36,0.0,1
2500,B,9162.78,8.31,0.1387,59108.11,60,5.0,0
2501,E,16921.45,16.92,0.2317,38072.42,36,5.0,0
2502,D,12195.9,16.85,0.2747,52148.14,60,3.0,0
2503,C,15818.75,13.18,0.1922,54295.67,36,12.0,0
2504,F,15311.58,21.15,0.3046,73217.71,36,6.0,1
2505,B,8460.15,7.35,0.1135,46739.41,36,10.0,0
2506,A,1087.15,4.31,0.0264,91251.58,36,,0
2507,E,10546.34,15.62,0.2756,52197.66,36,2.0,0
2508,C,14375.76,12.5,,81726.48,36,12.0,0
2509,E,16132.69,18.59,0.2741,78487.14,36,,1
2510,E,14225.52,20.46,,51526.36,36,5.0,0
2511,A,4420.58,3.35,0.0953,64328.86,36,2.0,0
2512,E,20667.81,18.07,0.3138,51191.22,36,2.0,1
2513,C,13084.37,9.74,0.2566,58294.13,36,9.0,0
2514,C,14670.86,10.49,0.2356,30174.6,36,0.0,0
2515,D,18577.5,13.73,0.3073,82944.65,60,,1
2516,F,19061.77,23.99,0.2991,49424.13,36,7.0,1
2517,A,6871.11,3.95,0.0695,49064.21,60,2.0,0
2518,C,14497.6,12.19,0.2392,22784.58,36,8.0,0
2519,D,7808.06,14.93,0.2903,15000.0,60,8.0,0
2520,D,11842.17,13.6,0.2093,68868.65,36,3.0,0
2521,D,14229.74,15.25,0.2867,43858.4,60,5.0,0
2522,A,5880.24,5.9,,61811.79,36,10.0,0
2523,B,5386.8,6.69,0.1789,73786.78,36,5.0,0
2524,B,8007.14,9.71,0.1484,55711.13,36,6.0,0
2525,E,18083.5,17.73,0.2169,59837.44,36,4.0,1
2526,B,10255.7,7.78,0.124,66714.75,36,1.0,0
2527,B,7948.97,9.3,0.2809,63485.67,36,12.0,0
2528,F,17815.0,21.5,,16690.49,60,5.0,0
2529,A,5666.06,5.06,0.238,55244.84,36,3.0,0
2530,G,21381.24,25.53,0.3134,50845.64,36,8.0,0
2531,D,17430.57,15.69,0.295,42723.61,60,7.0,0
2532,E,12376.71,15.43,,71696.65,60,2.0,0
2533,B,10803.4,5.76,0.15,107235.22,36,10.0,0
2534,A,8845.67,5.92,0.1379,81814.94,60,0.0,0
2535,D,9161.86,17.06,0.3003,81870.97,36,6.0,0
2536,E,17699.55,17.63,0.252,62973.09,36,5.0,0
2537,D,14423.54,15.13,0.3123,45383.28,36,3.0,1
2538,A,7364.53,5.44,0.068,73602.73,36,9.0,0
2539,D,9996.11,16.54,0.2402,91239.78,36,,0
2540,D,16275.14,12.46,0.224,45576.03,36,8.0,0
2541,D,13257.97,14.17,,36292.11,36,,0
2542,D,17626.53,15.0,0.3442,34584.5,36,11.0,1
2543,E,17872.19,20.05,0.3029,46084.47,60,3.0,0
2544,C,12726.58,15.75,0.2652,41937.5,60,5.0,0
2545,A,8294.68,4.66,,100132.35,60,11.0,0
2546,C,11835.39,9.89,0.1419,63894.42,60,1.0,0
2547,A,7310.44,5.6,0.173,87491.07,60,1.0,0
2548,B,10254.56,10.48,0.1802,59624.02,60,12.0,0
2549,B,10109.4,8.66,0.0875,44476.45,36,12.0,0
2550,A,5556.07,3.64,0.1269,46430.91,36,9.0,0
2551,B,8394.41,9.94,0.0886,48656.15,36,5.0,0
2552,A,11608.54,6.0,0.1964,76255.46,36,5.0,0
2553,E,14147.56,17.46,0.3488,59357.89,36,2.0,0
2554,F,15316.4,23.07,0.3457,55857.53,36,4.0,1
2555,A,5982.43,6.5,0.1759,43203.89,60,4.0,0
2556,F,17213.9,24.27,0.2551,44992.63,36,0.0,0
2557,C,14150.57,11.9,0.155,41530.89,36,4.0,0
2558,B,11523.91,7.96,0.1349,72226.39,36,5.0,0
2559,A,9187.11,6.84,0.2341,78623.39,60,7.0,1
2560,C,9626.38,10.18,0.1358,38900.89,36,5.0,0
2561,E,17920.85,19.66,0.1976,67424.53,36,10.0,1
2562,D,9672.91,13.44,,97098.81,60,3.0,0
2563,A,5616.49,6.6,0.1544,85027.04,60,4.0,0
2564,A,9400.96,4.61,0.0643,67068.99,60,6.0,0
2565,B,9879.47,10.4,,59302.18,60,2.0,1
2566,B,7971.06,9.24,0.1958,61236.85,36,4.0,0
2567,B,5623.69,6.67,0.1405,51306.79,60,,0
2568,B,11452.89,10.64,0.1622,69543.17,36,4.0,0
2569,E,16812.87,21.33,0.3321,29507.67,60,11.0,1
2570,F,21604.39,23.82,0.3242,15000.0,36,6.0,1
2571,B,5154.09,7.36,0.14,68952.83,36,1.0,0
2572,F,20692.17,22.04,0.3645,45382.2,36,5.0,0
2573,B,9206.34,8.72,0.2021,54718.94,36,9.0,0
2574,C,16505.07,10.94,0.1525,36911.46,36,7.0,0
2575,B,9878.78,11.04,0.01,70215.39,36,10.0,0
2576,D,14668.52,15.72,0.2908,37176.85,60,8.0,0
2577,G,25182.45,21.94,0.4557,37499.0,36,0.0,1
2578,C,8085.96,12.51,0.212,91769.49,36,1.0,0
2579,B,10362.89,7.98,0.1661,76721.42,60,7.0,0
2580,D,17069.43,15.39,0.2161,30355.61,60,2.0,1
2581,A,6044.74,4.45,0.13,47052.67,36,6.0,0
2582,E,19808.19,20.21,0.3512,52732.74,36,9.0,0
2583,C,11024.96,13.68,0.2034,35244.23,60,6.0,0
2584,C,6660.88,12.42,0.3495,23968.94,36,4.0,0
2585,C,16324.86,11.49,0.1062,69582.7,36,7.0,1
2586,D,12943.63,15.44,0.2598,60776.84,36,1.0,1
2587,A,12668.8,5.03,0.0295,78110.77,60,8.0,0
2588,D,12960.01,14.3,0.3028,59734.63,36,8.0,0
2589,B,10943.71,9.37,0.0551,63824.41,36,5.0,0
2590,D,13144.36,16.19,0.17,43080.61,60,2.0,1
2591,E,18761.17,21.31,0.262,59290.43,36,9.0,1
2592,E,22493.32,20.88,0.3159,77537.9,36,5.0,0
2593,C,11225.52,10.97,0.1643,50977.88,36,0.0,0
2594,C,12894.81,13.23,0.1649,41626.68,60,11.0,0
2595,A,7201.61,3.57,0.0891,49567.85,60,9.0,0
2596,D,16730.38,16.54,0.2355,39398.86,60,6.0,0
2597,B,8880.78,7.73,0.2392,68646.77,36,4.0,0
2598,C,12680.01,10.47,0.2412,21486.7,36,12.0,0
2599,B,7887.55,8.92,0.1305,72905.07,36,9.0,1
2600,A,4504.82,3.0,0.2258,81590.43,36,5.0,0
2601,D,12501.67,12.87,0.2795,22634.59,60,7.0,1
2602,A,7068.34,4.73,0.0419,52374.75,36,3.0,0
2603,D,16149.63,15.62,0.2654,56434.26,60,,0
2604,B,5580.46,7.95,0.1821,62417.54,36,2.0,0
2605,A,2094.18,3.0,0.0587,79353.47,36,3.0,0
2606,C,6492.58,10.77,0.1368,57459.54,60,8.0,0
2607,A,9923.55,5.59,0.1052,92765.85,36,1.0,0
2608,B,7639.87,9.37,0.1284,59218.95,60,9.0,1
2609,D,15173.38,15.48,,37305.41,36,5.0,0
2610,A,11905.54,6.74,,50858.05,60,4.0,0
2611,E,11733.34,19.6,0.2616,63238.43,60,3.0,1
2612,A,9491.16,3.88,0.1256,70533.18,36,5.0,0
2613,B,9847.28,8.08,0.226,76406.89,36,,0
2614,D,13552.22,13.4,0.1664,66036.2,36,4.0,0
2615,B,13472.17,8.34,0.0886,28642.7,60,8.0,0
2616,A,4972.68,6.67,0.0993,49478.51,36,7.0,0
2617,B,7869.04,9.53,0.1521,46628.75,36,8.0,1
2618,B,10999.39,10.6,0.1469,50310.84,60,8.0,0
2619,E,11253.79,18.55,0.2814,42433.6,60,9.0,1
2620,B,6481.64,10.52,0.1304,82984.69,60,2.0,0
2621,E,14509.98,18.71,0.3231,71572.68,36,,0
2622,E,13918.79,21.21,0.368,44727.97,36,5.0,0
2623,C,6581.86,11.97,0.1711,55476.94,60,8.0,1
2624,F,27671.6,23.56,0.4963,32302.19,36,,1
2625,B,6579.12,10.71,0.2676,66605.38,60,6.0,0
2626,G,21215.29,25.71,0.4798,43645.38,60,12.0,1
2627,A,4530.94,5.33,0.1373,84516.56,36,2.0,0
2628,D,17312.26,17.43,0.3705,69371.9,36,4.0,0
2629,C,14655.45,11.8,0.1826,18561.88,36,,0
2630,B,6996.67,6.52,0.1,62254.19,36,2.0,0
2631,D,15155.03,18.71,0.2184,79913.8,36,8.0,0
2632,D,17599.56,14.8,0.1898,47113.93,60,0.0,0
2633,A,13630.45,5.24,,90506.35,36,10.0,0
2634,A,8685.23,6.73,0.118,64483.87,36,7.0,0
2635,D,13264.51,14.59,0.2621,58148.62,36,,0
2636,D,13001.93,13.99,0.2493,34535.97,36,,0
2637,G,22353.09,26.38,0.408,20213.53,36,1.0,1
2638,D,15136.99,12.81,,68058.85,36,11.0,0
2639,F,20739.24,22.07,0.3872,60872.73,36,8.0,1
2640,D,17143.99,15.87,0.3054,55475.72,36,3.0,0
2641,B,9901.79,8.1,0.1614,42904.56,36,0.0,0
2642,A,3110.96,3.0,0.01,70788.48,60,3.0,0
2643,E,18939.67,21.39,0.1912,72630.23,36,2.0,1
2644,D,15039.74,15.66,0.375,86371.6,36,9.0,0
2645,A,10523.39,7.15,0.0681,64299.26,60,8.0,0
2646,B,13656.13,8.11,0.113,35122.38,60,,0
2647,F,22841.25,21.18,0.3647,60126.54,36,10.0,1
2648,C,15014.6,12.4,0.233,55032.66,36,2.0,0
2649,C,8770.99,11.68,0.2406,76974.73,60,4.0,0
2650,C,9088.58,10.23,0.3065,65059.3,36,8.0,0
2651,B,11573.93,10.7,,49098.01,36,0.0,0
2652,B,15537.31,7.57,0.1013,66048.4,36,4.0,0
2653,B,10074.03,5.74,0.2081,88550.09,60,6.0,0
2654,A,5740.56,6.99,0.077,67315.23,36,,0
2655,D,16089.3,14.74,0.2417,36373.51,36,5.0,0
2656,B,8208.1,7.59,0.0844,36404.4,36,6.0,1
2657,E,13078.29,16.35,,36101.04,36,,0
2658,E,12554.69,21.61,0.2981,42617.55,36,1.0,1
2659,B,1729.22,6.57,0.0926,79759.98,60,1.0,0
2660,D,14175.33,15.59,,34824.71,36,5.0,0
2661,C,9028.94,13.37,0.1831,87967.53,60,1.0,0
2662,E,17187.73,19.63,0.3185,25931.26,36,10.0,1
2663,B,12013.3,8.41,0.2321,106966.75,36,,0
2664,D,12115.56,12.95,,86059.33,36,3.0,0
2665,C,6285.13,10.79,0.1565,62540.99,36,10.0,0
2666,B,8800.53,8.78,0.1609,35341.52,36,5.0,1
2667,A,6551.81,3.82,0.1188,69002.37,60,1.0,0
2668,D,13346.53,15.81,0.3162,48036.86,36,6.0,1
2669,D,12254.71,16.52,,32062.83,36,7.0,0
2670,B,6701.59,9.94,0.1558,70238.17,60,1.0,0
2671,D,11122.09,13.66,0.2682,40174.42,36,3.0,0
2672,B,11923.31,11.79,0.1699,52131.69,36,0.0,0
2673,D,18778.02,16.65,0.1618,51333.78,36,3.0,1
2674,A,2895.36,5.0,0.0906,59651.64,36,3.0,0
2675,E,19298.66,20.63,0.3149,87406.82,60,7.0,1
2676,B,9711.76,12.05,0.1775,55357.14,36,2.0,0
2677,B,6767.54,6.34,0.0945,72935.86,60,0.0,0
2678,A,3634.31,4.66,0.0239,72619.4,60,3.0,0
2679,A,3709.87,3.0,0.0859,76349.5,36,,0
2680,C,7050.83,12.29,0.318,67723.59,36,4.0,0
2681,B,8496.13,9.05,0.1008,80864.51,60,4.0,1
2682,E,15699.22,18.94,0.3704,54796.03,60,5.0,0
2683,A,8265.55,4.02,0.1951,74048.12,36,,0
2684,B,11895.73,5.43,0.1527,66052.59,60,5.0,0
2685,B,6450.59,9.06,0.1092,62508.48,60,1.0,0
2686,A,6734.45,7.18,0.1308,53587.64,36,2.0,0
2687,A,2990.03,4.11,,68904.37,60,2.0,0
2688,B,12993.35,9.16,0.0985,69342.81,36,5.0,0
2689,C,8105.04,9.65,0.1605,67238.96,36,0.0,1
2690,B,11303.18,9.19,0.1772,68245.13,36,3.0,0
2691,C,11618.75,11.41,0.256,55806.81,36,6.0,0
2692,C,11289.0,10.86,0.1806,58972.56,60,3.0,0
2693,A,6291.17,3.86,0.0959,60034.36,36,8.0,0
2694,C,11772.66,11.41,0.2401,65638.03,36,,1
2695,G,17994.06,26.57,0.3897,36019.69,60,12.0,1
2696,C,7832.41,10.03,0.182,63250.1,36,12.0,0
2697,D,11506.17,14.9,,73014.45,36,9.0,0
2698,B,6308.42,8.44,0.1036,52231.54,36,12.0,0
2699,D,16221.72,13.85,0.4101,65740.52,36,,0
2700,D,7466.37,18.19,0.2382,55597.78,60,8.0,1
2701,C,14304.59,10.72,0.2819,96381.48,36,3.0,0
2702,G,20089.34,25.0,0.501,36106.59,36,8.0,0
2703,A,5400.55,3.53,0.089,82512.96,36,4.0,0
2704,A,8367.43,7.7,0.1221,70276.36,36,3.0,0
2705,D,11510.52,16.33,0.2561,30010.52,36,12.0,0
2706,E,10651.19,17.6,0.2033,40627.6,36,2.0,0
2707,A,1000.0,6.66,,85848.48,36,8.0,0
2708,B,9799.72,8.8,0.1529,57211.5,36,,0
2709,A,6597.65,5.39,0.0745,30035.39,36,3.0,0
2710,B,12522.38,7.98,0.2635,64434.75,36,4.0,0
2711,D,17319.25,14.38,0.2358,35337.95,36,1.0,0
2712,C,10861.21,12.51,0.3171,62372.72,60,11.0,0
2713,B,9676.74,7.68,0.1214,92920.65,60,12.0,0
2714,B,11420.4,11.23,0.2647,78850.23,36,8.0,0
2715,A,5237.01,3.1,0.1304,97659.8,60,10.0,0
2716,B,7145.87,10.8,0.1838,54892.78,60,1.0,0
2717,D,14074.57,15.33,0.2193,52423.01,36,4.0,0
2718,G,19491.31,26.45,0.4346,21200.15,60,3.0,1
2719,E,13402.97,20.25,0.4016,37687.22,36,6.0,1
2720,A,1114.1,4.05,0.0913,53316.07,60,2.0,1
2721,E,14698.0,20.3,0.2796,26478.99,36,6.0,1
2722,E,15681.01,14.94,0.2852,74585.42,60,7.0,1
2723,E,13713.89,17.92,0.3972,15000.0,36,,1
2724,C,11534.43,10.61,0.2513,84662.5,36,1.0,0
2725,B,3860.85,6.62,0.2369,87429.06,60,0.0,0
2726,B,3895.6,8.18,,73996.27,60,9.0,0
2727,A,7691.7,5.58,0.1024,49938.87,60,3.0,0
2728,B,5189.96,9.55,0.1754,36520.85,60,2.0,0
2729,B,8743.74,8.86,0.2142,55128.73,60,9.0,0
2730,C,13278.73,11.0,0.1852,71252.17,60,1.0,0
2731,D,15567.59,16.05,0.3321,55055.15,36,,0
2732,C,15818.72,12.19,0.2219,41217.01,36,8.0,0
2733,A,5373.31,6.4,0.01,90667.69,36,6.0,0
2734,F,16605.36,23.67,0.403,75318.9,60,6.0,1
2735,F,21055.67,22.55,,40921.22,36,1.0,1
2736,E,15738.65,17.65,0.3516,51968.06,36,,1
2737,G,21303.16,25.02,,15000.0,36,6.0,1
2738,C,13343.43,11.18,0.2198,52541.04,60,0.0,0
2739,G,27678.85,25.53,0.4326,49187.92,36,10.0,1
2740,A,12640.85,5.4,,76387.42,36,,0
2741,B,7616.64,9.57,0.1203,55861.98,36,4.0,0
2742,B,8561.12,8.42,0.1976,60063.62,36,2.0,0
2743,A,8777.37,5.02,0.1698,61950.21,36,10.0,0
2744,A,10888.87,5.21,,64987.64,36,7.0,0
2745,D,17307.32,14.73,,62618.23,36,4.0,1
2746,E,13222.07,17.61,0.3245,15000.0,60,6.0,1
2747,C,12155.81,9.37,0.1423,58661.71,60,4.0,0
2748,A,4465.56,3.96,0.0398,76299.56,36,5.0,0
2749,E,19287.93,19.71,0.3215,39731.28,60,3.0,1
2750,D,12614.61,14.45,0.2546,46372.01,60,4.0,0
2751,B,6384.95,8.14,0.2187,56892.9,60,3.0,1
2752,D,18316.25,16.2,0.2292,46377.1,36,0.0,0
2753,B,5748.67,9.28,0.142,65105.91,36,0.0,0
2754,B,11707.62,6.88,0.1627,67322.05,60,1.0,0
2755,F,24704.7,24.0,0.2983,15000.0,36,2.0,1
2756,B,5627.52,10.19,0.1066,76751.85,36,11.0,0
2757,C,11885.06,10.31,0.267,54780.02,36,6.0,0
2758,E,15450.08,17.76,0.2671,84793.34,60,12.0,1
2759,D,11585.72,17.29,0.3209,33550.33,36,3.0,1
2760,A,8663.49,4.78,,54388.34,36,,0
2761,A,9417.73,3.0,,66347.64,60,8.0,0
2762,A,9429.34,3.0,,77438.06,60,6.0,0
2763,D,11195.2,15.13,0.2813,19886.19,36,5.0,0
2764,C,12358.25,10.26,0.2254,45076.2,36,6.0,0
2765,A,4374.18,4.38,0.0915,80643.76,60,6.0,0
2766,F,18335.2,22.55,0.2936,27933.77,36,9.0,1
2767,C,10423.27,14.19,0.2808,84660.47,60,7.0,0
2768,B,8233.35,8.06,0.1439,56830.1,60,12.0,1
2769,C,9675.76,13.61,0.147,43811.28,36,11.0,0
2770,D,13161.63,17.64,0.2774,65984.4,36,4.0,1
2771,A,5975.31,7.15,0.0554,98937.11,36,,0
2772,B,13730.46,8.93,0.0931,72495.13,60,0.0,0
2773,E,21884.06,16.06,0.2775,72687.73,36,1.0,0
2774,C,12274.1,12.69,0.1601,90179.44,36,0.0,0
2775,C,10226.34,13.57,0.1453,43406.54,36,4.0,0
2776,C,12488.43,11.88,0.2484,76891.04,36,0.0,1
2777,A,8218.22,7.62,0.0932,42577.53,36,,0
2778,A,10223.94,6.29,0.1751,77648.25,36,,0
2779,C,11804.34,12.85,0.1487,58716.28,60,5.0,0
2780,B,12203.18,10.13,0.0463,87373.1,36,1.0,0
2781,A,5963.64,5.5,0.1089,91100.53,36,9.0,0
2782,E,15210.81,15.26,0.4114,60256.1,60,9.0,1
2783,G,21676.06,25.25,0.4319,45371.7,60,4.0,1
2784,E,14113.22,20.8,0.4929,59150.64,60,11.0,1
2785,E,12079.88,17.79,0.3199,51111.88,36,2.0,0
2786,B,7717.04,8.16,0.1641,63898.48,36,9.0,0
2787,G,23771.57,24.43,0.2707,65966.41,36,6.0,0
2788,A,4150.47,7.68,0.1257,98132.02,60,3.0,0
2789,F,22314.76,25.02,0.3601,42450.13,60,1.0,1
2790,G,22990.75,24.67,0.3756,44277.46,60,1.0,1
2791,D,11587.6,15.72,0.2418,56469.79,36,10.0,0
2792,G,21891.58,24.98,0.3959,15000.0,60,6.0,0
2793,C,7168.86,12.92,0.1892,53944.16,60,2.0,0
2794,B,6596.83,9.26,0.2754,93794.68,36,5.0,0
2795,C,10561.64,13.22,0.1777,46504.03,36,1.0,0
2796,C,6971.53,12.5,0.2102,98061.78,36,1.0,0
2797,A,11622.03,9.4,,91098.27,36,11.0,0
2798,D,9403.48,13.96,0.297,62226.97,36,4.0,1
2799,G,23070.09,23.43,0.4106,50095.18,60,3.0,0
2800,A,5831.72,4.41,0.0832,53490.28,60,11.0,0
2801,E,19014.63,16.65,0.1844,45225.88,60,4.0,0
2802,F,19795.32,20.26,0.3646,70945.18,36,,1
2803,F,21604.32,21.0,,33938.47,36,2.0,0
2804,G,18892.64,24.62,0.3964,59100.37,60,,1
2805,C,15222.16,10.57,0.1291,35213.28,36,6.0,1
2806,G,21852.35,26.78,0.486,18433.15,36,0.0,1
2807,D,14134.0,14.74,0.3014,89224.92,60,7.0,0
2808,A,5433.21,4.73,0.1858,69786.93,36,9.0,0
2809,C,6419.95,13.34,0.2688,50307.0,36,6.0,1
2810,D,9507.06,14.35,0.2855,79529.33,36,,0
2811,B,7057.37,8.1,0.0815,87424.79,60,2.0,0
2812,D,12689.94,16.05,0.3606,71573.58,36,2.0,1
2813,D,14724.07,12.59,0.1943,44741.84,36,8.0,0
2814,A,3244.08,3.0,0.0839,64835.48,60,2.0,0
2815,C,8740.11,12.52,,65609.32,36,1.0,0
2816,D,10901.85,16.24,0.2954,67499.19,36,1.0,0
2817,C,11267.29,15.1,0.2343,50847.3,36,9.0,0
2818,A,8061.83,5.24,0.076,73073.27,36,0.0,0
2819,A,6809.3,6.23,0.0636,74813.04,36,,0
2820,B,15197.1,8.21,0.3021,88161.86,60,1.0,0
2821,F,21512.86,22.95,0.3476,58580.38,36,8.0,1
2822,B,9270.92,11.0,0.1403,37877.57,60,5.0,0
2823,D,12838.74,12.31,0.2072,51154.65,36,2.0,0
2824,B,10541.93,9.12,0.1647,48281.9,36,8.0,1
2825,B,10773.21,11.7,0.1619,75225.57,36,8.0,0
2826,E,13996.08,19.42,0.299,66616.76,36,5.0,1
2827,D,13052.67,17.98,0.2729,56828.01,36,2.0,0
2828,A,1300.24,4.06,0.2058,65173.71,36,6.0,0
2829,C,11986.94,11.95,0.1643,61245.06,36,11.0,0
2830,A,10221.83,5.05,0.1026,73760.55,60,0.0,0
2831,C,10291.31,8.67,0.1611,48478.21,36,2.0,0
2832,D,11273.13,13.75,0.2677,33063.2,36,3.0,1
2833,A,8020.65,3.35,0.0659,33097.5,60,,0
2834,B,9656.22,9.73,0.1185,87809.28,36,7.0,0
2835,B,14011.88,9.81,0.0624,73934.59,60,2.0,0
2836,F,17711.74,22.99,0.3559,51525.2,60,2.0,0
2837,G,24661.42,27.24,0.4258,62773.58,60,11.0,1
2838,A,3935.2,4.75,0.2116,47401.58,36,8.0,0
2839,D,9353.41,17.3,0.2782,23758.64,60,11.0,0
2840,B,6294.24,8.51,0.123,71916.17,60,9.0,0
2841,B,8668.97,8.59,0.0684,70278.88,60,4.0,0
2842,D,13769.16,15.1,0.1767,23836.48,60,1.0,0
2843,F,16696.98,23.53,0.2723,51471.38,36,7.0,1
2844,F,17501.15,21.87,0.4627,37795.99,60,3.0,0
2845,C,7726.47,13.46,0.2173,45472.41,36,4.0,0
2846,B,8877.44,6.8,0.115,58998.37,36,4.0,0
2847,E,17375.46,17.35,0.2424,15000.0,36,11.0,1
2848,B,9052.79,9.53,0.0986,54355.26,36,0.0,0
2849,C,13699.79,11.87,0.1634,47322.7,36,2.0,0
2850,B,4399.8,7.82,0.229,75027.84,60,6.0,0
2851,D,17025.88,16.84,,52151.86,60,,0
2852,B,9566.34,7.59,0.0632,76499.64,60,11.0,0
2853,A,11113.15,4.7,0.2386,24108.29,60,6.0,0
2854,F,19889.05,24.6,0.2816,29896.23,36,0.0,1
2855,A,3946.67,7.31,0.0645,80007.95,36,3.0,0
2856,C,13621.11,14.36,0.2786,54440.44,36,11.0,0
2857,B,7768.71,8.08,0.1749,80218.29,36,5.0,0
2858,A,6000.04,6.85,0.0718,37517.15,60,8.0,0
2859,A,1560.21,3.58,0.0261,83160.0,60,2.0,0
2860,A,4312.86,3.64,0.042,58495.49,36,0.0,0
2861,E,19440.11,15.47,0.2456,36748.45,36,6.0,1
2862,B,6231.61,11.01,0.1504,82838.85,36,10.0,0
2863,F,22175.21,21.2,0.3615,65914.22,36,12.0,0
2864,C,6229.77,11.81,0.1911,78624.59,36,,1
2865,C,9654.94,10.63,0.1976,96695.55,36,6.0,0
2866,C,13767.87,13.04,0.137,82802.46,36,6.0,0
2867,C,4385.19,11.44,0.2176,45682.14,60,9.0,0
2868,D,12098.81,13.54,0.3268,57549.49,36,0.0,0
2869,B,9691.02,9.16,0.1402,58516.44,60,12.0,0
2870,B,5988.59,6.35,0.1391,101523.62,60,5.0,1
2871,E,19571.59,17.74,0.305,69887.66,36,12.0,0
2872,F,24283.86,19.34,0.4171,41600.16,60,9.0,1
2873,E,14557.36,16.86,0.2463,65802.38,36,,0
2874,B,6613.62,8.77,0.2371,42820.43,36,1.0,0
2875,E,14207.28,16.05,0.3253,54504.71,36,3.0,0
2876,C,8040.64,9.78,0.2017,43117.4,60,2.0,1
2877,C,10278.85,12.0,0.2728,29605.34,36,4.0,0
2878,B,9656.48,7.68,0.0791,79121.65,36,6.0,0
2879,C,12509.64,14.99,0.2313,76354.64,36,,1
2880,A,9797.62,7.75,0.1258,78229.83,36,,0
2881,B,9081.95,7.2,0.0939,61706.59,60,12.0,0
2882,E,20558.41,19.84,0.3276,27205.54,60,4.0,1
2883,B,14157.72,9.62,0.167,44095.76,36,10.0,0
2884,A,9375.0,4.1,0.0893,52552.96,36,0.0,0
2885,A,8185.3,3.0,0.1518,65793.88,60,9.0,0
2886,F,20434.29,22.48,0.3157,64371.22,60,1.0,1
2887,C,16633.92,11.74,0.2162,79087.28,60,7.0,1
2888,B,5958.16,7.85,0.1421,35325.78,36,7.0,1
2889,E,14384.0,19.66,0.2631,37521.8,36,11.0,1
2890,E,20442.07,17.87,0.3302,37037.1,60,3.0,1
2891,B,7197.15,6.77,0.1375,19431.5,36,1.0,0
2892,D,14893.58,15.66,0.1616,65190.18,60,10.0,0
2893,D,13057.29,16.08,0.1419,50569.12,60,3.0,0
2894,D,13307.22,13.74,,52963.43,36,2.0,1
2895,A,2680.15,6.39,0.0268,94225.68,60,5.0,0
2896,E,15882.25,16.34,0.3168,51589.56,36,1.0,1
2897,C,11223.39,11.13,0.2033,52246.85,60,3.0,0
2898,B,8321.75,8.11,0.1279,75297.4,60,4.0,0
2899,C,15688.09,11.05,0.3174,79059.69,60,2.0,1
2900,A,9193.7,4.15,0.1108,75336.42,60,4.0,0
2901,A,9109.64,7.81,0.1453,82405.41,36,,0
2902,D,14995.55,14.22,,52379.78,60,9.0,0
2903,A,6620.98,8.66,0.0861,68526.56,60,,0
2904,B,7500.44,9.16,0.1489,67034.37,36,1.0,0
2905,C,11447.66,12.14,0.2875,46443.82,36,,0
2906,A,2653.9,5.71,0.1653,59774.89,36,11.0,1
2907,G,15495.48,29.79,0.5171,64801.83,36,7.0,1
2908,B,5748.43,7.01,0.1633,101143.21,60,12.0,0
2909,B,4603.29,6.82,0.0974,93659.56,36,3.0,0
2910,B,11606.26,7.37,0.1236,41181.37,36,10.0,0
2911,B,9546.97,8.55,,39442.56,36,7.0,0
2912,A,6809.17,3.0,0.146,48567.23,60,3.0,1
2913,D,20424.86,15.53,0.2148,57418.97,60,,0
2914,G,24574.15,28.54,0.2167,15000.0,36,5.0,1
2915,B,10123.53,8.73,0.2978,54401.57,60,2.0,0
2916,D,13918.73,15.06,0.2158,80327.79,36,1.0,0
2917,D,13175.53,14.57,0.2154,72683.9,36,8.0,1
2918,E,14064.71,20.35,0.4003,40836.3,60,,0
2919,C,12834.91,10.76,0.1275,52199.6,36,5.0,1
2920,B,10085.55,11.27,0.2182,75210.35,36,5.0,0
2921,B,12907.02,11.4,0.1148,81834.84,36,2.0,0
2922,D,12960.97,15.89,0.1706,45403.53,36,,0
2923,E,15437.41,18.98,0.4023,45781.41,36,10.0,1
2924,A,4785.17,6.55,0.1554,59811.82,36,10.0,0
2925,B,3370.55,10.14,0.2052,41035.71,60,7.0,1
2926,F,18466.13,21.29,0.3721,41044.61,36,,1
2927,E,18362.7,18.21,0.3359,44673.3,36,11.0,1
2928,G,22576.17,24.02,0.3261,17308.41,36,1.0,0
2929,D,6547.89,16.11,0.2567,66629.46,60,4.0,0
2930,B,12735.12,9.5,0.0943,73699.77,60,1.0,0
2931,C,10752.15,9.98,0.1167,72522.95,60,5.0,0
2932,D,15854.74,14.82,0.2747,41174.73,36,9.0,1
2933,A,8090.89,3.0,0.1695,34295.64,60,1.0,0
2934,C,14875.28,10.65,0.177,68411.96,36,10.0,0
2935,D,11079.51,16.33,0.2373,43045.97,60,6.0,0
2936,A,12600.83,3.9,,53967.97,36,,0
2937,E,11109.21,18.55,0.3004,27373.04,60,0.0,1
2938,C,9463.53,9.56,0.2456,55044.19,36,1.0,1
2939,F,19805.55,22.78,0.3975,73391.89,36,7.0,0
2940,A,7278.96,4.93,0.1327,60901.91,60,10.0,0
2941,B,6766.48,7.41,0.1129,45383.55,60,10.0,0
2942,C,15839.36,11.72,0.161,71734.8,36,7.0,0
2943,B,8626.09,8.77,0.1977,68110.62,60,2.0,0
2944,D,10752.67,14.28,0.2987,16852.58,36,2.0,0
2945,D,18916.79,13.29,0.2397,66922.23,60,,0
2946,A,3494.95,7.71,0.0744,108312.42,60,1.0,0
2947,C,10693.67,11.05,0.27,15000.0,36,,0
2948,C,13625.22,11.85,0.1784,37757.29,36,5.0,1
2949,B,7941.02,10.02,0.1948,15000.0,36,4.0,0
2950,F,17650.95,27.79,0.3418,43644.52,36,4.0,1
2951,E,14714.41,17.13,0.2371,67826.95,60,11.0,0
2952,D,14257.18,16.17,0.3467,56899.01,60,10.0,0
2953,D,15772.75,14.44,0.2572,80055.92,60,10.0,0
2954,C,6107.07,11.19,0.1574,74949.91,36,4.0,1
2955,F,18461.3,21.42,0.2666,75638.65,36,1.0,0
2956,D,15409.14,13.81,0.1726,75883.79,36,,1
2957,D,15811.19,15.44,0.2276,47747.02,60,1.0,0
2958,E,18557.34,16.79,0.4155,51201.08,36,5.0,1
2959,B,13620.99,9.92,0.1149,49363.82,60,2.0,0
2960,E,14691.89,19.08,0.3868,45848.19,36,5.0,1
2961,A,11324.91,5.63,0.0922,71112.97,60,3.0,0
2962,B,7055.73,7.8,0.0791,63471.67,36,11.0,0
2963,B,6375.58,7.95,0.1216,89160.56,60,12.0,0
2964,G,22301.8,26.43,0.3231,34056.97,36,,1
2965,E,17337.84,17.25,0.2486,33222.44,60,0.0,0
2966,D,15902.45,14.96,0.1969,39347.0,60,7.0,1
2967,D,15880.82,14.21,0.1358,66791.8,36,4.0,0
2968,C,12580.77,10.66,0.2908,34743.51,36,12.0,0
2969,F,20275.59,19.34,0.3627,41378.65,60,1.0,1
2970,C,5731.62,14.01,,83895.0,36,1.0,0
2971,B,6186.26,7.47,0.1633,70266.77,60,8.0,0
2972,A,6197.54,6.75,0.0499,68657.1,60,8.0,0
2973,E,18603.32,20.6,,49353.61,36,5.0,0
2974,D,19652.44,13.57,0.4274,36467.84,36,,1
2975,B,12671.32,6.87,0.1614,49571.58,60,3.0,0
2976,A,1741.75,8.84,0.0647,66486.73,60,3.0,0
2977,E,16610.78,21.63,0.184,54882.91,60,2.0,1
2978,A,6227.42,4.95,0.0104,87066.7,36,,0
2979,D,10250.94,15.89,0.3493,56666.09,60,0.0,0
2980,G,31506.7,25.05,0.4901,64349.94,36,4.0,1
2981,C,10626.02,12.65,0.2452,88893.56,60,8.0,0
2982,B,8491.48,7.42,0.0831,79314.81,36,0.0,0
2983,D,12584.22,12.45,0.3406,77049.67,36,10.0,1
2984,E,20714.12,17.02,0.327,32167.16,36,8.0,1
2985,C,11219.92,12.03,0.2393,39314.42,36,0.0,1
2986,G,23059.81,24.3,0.4268,49323.52,60,11.0,0
2987,A,8097.35,4.9,0.01,45858.22,36,5.0,0
2988,C,6712.73,10.39,0.1281,54773.31,36,7.0,0
2989,D,9866.2,14.33,0.2194,68881.45,36,10.0,0
2990,E,13758.47,20.28,,75440.71,36,10.0,1
2991,A,5688.65,5.37,0.0172,65424.12,36,4.0,0
2992,E,16713.13,18.99,0.2895,38301.0,36,2.0,0
2993,C,12298.21,13.32,0.1894,65768.31,36,2.0,0
2994,B,14680.08,9.22,,45676.22,36,,0
2995,A,7695.05,7.17,0.1405,66880.98,36,11.0,0
2996,E,13328.97,18.31,,49856.0,36,0.0,1
2997,A,13056.24,4.36,0.1868,69496.29,60,0.0,0
2998,B,9035.09,6.55,0.0802,66593.06,60,,0
2999,B,5636.96,7.86,0.2155,49978.73,60,4.0,0
3000,E,9136.5,20.45,0.267,36914.13,60,2.0,1
3001,D,14462.42,17.45,0.2598,41551.91,60,2.0,0
3002,E,15787.35,20.44,0.3136,20838.3,36,3.0,1
3003,B,12821.34,5.81,0.1619,71152.95,36,12.0,0
3004,D,16886.98,17.12,0.2905,71103.83,60,12.0,0
3005,C,11001.94,9.24,,74333.58,60,3.0,1
3006,E,16648.47,20.35,0.347,45275.06,36,,1
3007,F,15152.92,21.95,0.3779,30401.91,36,3.0,1
3008,A,4889.57,6.05,0.0241,83397.66,60,10.0,0
3009,D,10587.35,13.5,0.2662,66500.61,60,2.0,0
3010,A,4325.95,6.76,0.0662,73913.57,36,9.0,0
3011,C,10713.62,9.8,0.1334,91397.6,60,3.0,0
3012,B,4734.78,7.5,0.1326,64524.34,60,2.0,0
3013,B,7084.09,7.0,0.161,60375.98,36,11.0,1
3014,B,11993.98,5.87,0.165,57803.29,60,2.0,0
3015,D,13520.77,15.64,0.3134,26904.2,60,12.0,0
3016,B,14212.83,11.21,0.2284,76904.12,36,1.0,0
3017,D,11666.49,19.5,0.2702,53101.26,60,0.0,0
3018,B,7592.59,8.65,0.181,74178.76,36,10.0,0
3019,A,3852.21,6.68,0.1057,103153.8,60,6.0,1
3020,E,16464.32,19.35,0.346,42966.47,60,4.0,0
3021,B,5517.26,9.25,0.1792,22915.84,36,1.0,1
3022,C,15535.65,11.49,,68659.27,36,6.0,0
3023,D,21359.08,15.79,0.3791,58003.47,60,4.0,1
3024,B,5664.73,9.31,0.1172,51815.83,60,5.0,0
3025,A,6276.54,4.13,0.1873,77150.79,36,7.0,0
3026,B,11807.38,8.38,0.0687,79149.73,60,7.0,0
3027,F,18858.72,22.41,0.3988,27961.02,36,12.0,1
3028,D,13013.56,16.74,0.3362,49576.03,36,,0
3029,D,12687.89,13.9,0.1356,81581.57,60,3.0,0
3030,D,11120.83,15.42,0.2583,42010.8,60,3.0,1
3031,A,3341.78,7.87,0.1429,71200.06,60,5.0,0
3032,B,6753.99,10.25,0.1651,17760.6,36,2.0,0
3033,D,15641.41,17.52,0.2727,28326.78,36,4.0,1
3034,A,4371.73,5.04,0.1082,72835.31,60,10.0,0
3035,B,10727.85,8.98,0.0843,87103.78,36,10.0,0
3036,B,5713.99,10.0,0.2921,40483.47,36,7.0,0
3037,C,15254.63,14.34,0.1698,61342.15,60,6.0,0
3038,G,24187.64,23.07,0.426,33237.08,60,4.0,1
3039,A,11837.93,3.03,0.0612,87155.58,36,7.0,0
3040,C,14873.29,13.96,0.0634,38079.54,36,9.0,0
3041,A,4856.4,4.58,0.0445,77741.4,60,8.0,0
3042,G,22381.54,24.99,0.3131,28233.57,60,0.0,1
3043,A,6260.17,3.12,0.1655,74014.68,36,8.0,0
3044,B,8333.22,7.67,0.1136,66240.76,36,8.0,0
3045,D,19799.98,13.4,0.2192,50467.98,36,1.0,1
3046,D,15587.84,18.64,0.1861,63600.61,60,1.0,0
3047,C,12799.21,11.97,0.2056,60785.75,36,9.0,1
3048,B,10350.92,8.41,0.107,62609.49,60,6.0,0
3049,B,9688.07,9.38,,58584.5,36,9.0,0
3050,B,9314.6,9.94,0.1681,66396.77,36,2.0,0
3051,B,11225.37,9.92,0.1157,68996.78,60,0.0,0
3052,C,12685.46,13.61,0.251,42195.44,36,1.0,0
3053,B,8789.28,7.55,0.1505,58709.52,60,4.0,1
3054,B,11240.54,8.05,0.1513,46006.65,36,5.0,0
3055,D,15233.96,16.65,0.1622,54282.78,36,,1
3056,G,21414.23,25.21,0.3957,29338.02,36,8.0,1
3057,C,10397.43,11.99,0.2193,73874.1,36,12.0,0
3058,A,2148.5,5.6,0.18,82109.09,36,0.0,0
3059,A,12313.86,6.18,0.0549,53390.53,60,1.0,0
3060,F,21978.97,19.83,0.4867,44958.47,36,,1
3061,B,9950.66,9.57,0.1834,76493.3,60,5.0,0
3062,A,3054.13,4.65,0.01,66844.45,36,2.0,0
3063,C,11881.66,13.06,0.1493,46892.08,36,7.0,0
3064,D,16519.7,16.67,0.3353,35336.74,36,1.0,1
3065,D,15900.86,17.91,0.3246,70376.82,60,1.0,1
3066,B,8797.93,10.53,0.1511,81248.84,36,5.0,0
3067,A,3210.64,7.02,0.109,66256.94,36,4.0,0
3068,G,20045.46,28.17,0.3301,53790.48,36,9.0,1
3069,B,4751.74,8.94,,15000.0,36,10.0,0
3070,D,17711.95,15.55,0.1907,78895.98,36,1.0,0
3071,D,12442.24,16.81,0.3007,52174.99,36,9.0,1
3072,C,14616.88,13.1,0.2811,62551.98,36,6.0,0
3073,B,6509.93,8.04,0.1529,59230.68,36,5.0,0
3074,B,9988.94,9.11,0.2081,90122.73,60,1.0,0
3075,C,13032.06,11.95,0.3109,40906.83,60,8.0,1
3076,E,10780.48,17.72,0.3161,76540.29,60,0.0,1
3077,F,20056.54,24.44,0.3395,52132.88,36,2.0,0
3078,A,5501.78,5.08,0.096,81207.96,36,1.0,0
3079,A,2522.44,8.07,0.0554,64074.32,60,5.0,0
3080,F,21639.63,20.06,0.3041,21452.05,36,7.0,0
3081,D,12039.28,14.66,,71749.19,36,11.0,1
3082,E,17735.83,19.05,0.2902,55605.35,60,8.0,0
3083,B,11527.04,10.21,0.1697,89509.22,60,12.0,0
3084,C,9094.07,12.6,0.1106,56512.03,60,9.0,0
3085,D,8918.39,15.97,0.2444,47453.84,60,3.0,1
3086,D,18506.28,13.81,0.3118,79985.59,60,6.0,0
3087,B,11661.74,6.76,0.0829,99414.09,60,4.0,0
3088,A,6102.19,5.48,0.101,70168.25,36,6.0,0
3089,C,10171.0,9.95,0.0887,46450.37,60,6.0,1
3090,B,13457.88,7.7,0.0717,79589.55,60,8.0,0
3091,C,13308.09,12.75,0.2485,55427.63,36,1.0,0
3092,F,18331.8,21.03,0.3314,55786.73,36,8.0,1
3093,B,8776.3,10.91,0.2593,60333.03,36,1.0,0
3094,E,19066.16,20.84,0.3259,78152.25,60,0.0,0
3095,A,9962.38,3.0,0.1318,57409.19,36,5.0,0
3096,D,13508.56,14.1,0.1854,63649.53,36,6.0,0
3097,G,21950.71,22.57,0.3769,31203.36,36,0.0,1
3098,A,5543.76,3.83,0.056,64932.88,60,,0
3099,A,6510.94,6.15,0.0361,62583.0,60,5.0,0
3100,C,12072.41,11.38,0.2398,73294.95,36,,0
3101,A,6809.2,5.69,0.1519,86530.54,36,8.0,0
3102,D,13633.56,13.22,0.2739,65039.3,36,2.0,0
3103,F,17378.34,23.7,0.3003,43056.3,36,9.0,1
3104,C,15600.2,11.17,0.2198,62523.24,36,3.0,0
3105,B,9419.96,8.52,0.0352,81158.99,36,5.0,0
3106,C,10280.96,11.86,0.2794,76727.61,36,11.0,0
3107,D,18446.84,13.59,0.1721,15000.0,36,9.0,0
3108,A,1481.85,3.27,,65100.0,36,9.0,0
3109,C,15555.07,13.45,0.2069,55963.34,60,1.0,0
3110,C,19778.64,12.6,0.2122,72046.55,36,0.0,1
3111,D,10780.74,17.08,0.2456,53798.13,36,6.0,1
3112,B,11634.12,8.99,0.0834,77945.3,36,4.0,1
3113,D,18513.01,15.71,0.318,35584.11,36,11.0,1
3114,A,5557.0,3.0,0.01,74680.98,36,3.0,0
3115,A,4622.06,4.59,,86203.7,36,4.0,0
3116,E,18359.3,18.96,0.2936,23461.11,60,5.0,1
3117,D,11080.73,18.43,0.1741,100245.58,36,9.0,0
3118,A,4548.64,6.03,0.1734,91435.95,36,2.0,0
3119,B,10172.77,10.8,0.0793,65024.36,60,11.0,0
3120,B,7757.95,9.4,0.2434,50088.65,36,5.0,0
3121,B,5131.58,7.43,0.2121,61848.47,60,10.0,0
3122,B,13076.5,8.68,0.2241,66508.44,36,5.0,0
3123,A,3738.66,5.35,0.2132,77931.93,36,9.0,1
3124,C,8356.6,10.59,0.2049,87011.9,36,0.0,1
3125,D,17307.41,14.92,0.1892,46430.23,36,9.0,1
3126,C,11110.52,11.69,0.1938,70128.78,60,5.0,0
3127,D,11822.43,17.91,,31736.28,36,4.0,0
3128,A,10969.39,3.0,,62555.19,36,1.0,0
3129,F,22636.06,24.31,0.3591,51780.9,60,8.0,1
3130,E,13466.76,17.59,0.2813,62442.72,36,1.0,1
3131,E,15729.84,16.94,,36441.82,60,2.0,0
3132,E,20739.86,20.77,0.2853,42065.75,36,1.0,1
3133,F,20487.29,23.6,0.3829,71290.02,60,0.0,0
3134,C,10035.43,13.88,0.2574,80914.36,60,7.0,0
3135,B,8174.59,9.7,0.0538,68752.23,36,2.0,0
3136,C,9930.66,15.09,0.1818,19740.39,36,1.0,1
3137,D,17440.75,16.34,0.2415,100200.39,36,3.0,0
3138,D,15968.83,15.27,,54641.23,36,5.0,1
3139,C,12958.44,12.51,0.1928,54373.79,36,5.0,0
3140,A,7488.93,6.87,0.1089,60597.52,60,3.0,0
3141,B,7889.17,7.33,0.1811,71774.61,36,5.0,0
3142,F,19417.74,21.52,0.3546,51958.49,36,4.0,0
3143,C,13930.02,11.54,0.1471,77111.3,36,9.0,1
3144,C,11992.73,8.84,0.3207,43330.88,36,0.0,0
3145,B,7027.69,8.71,0.1997,59375.09,36,10.0,0
3146,B,12062.62,5.67,0.1832,101549.82,36,2.0,0
3147,E,20126.49,19.08,0.3603,54042.63,36,8.0,0
3148,D,13532.68,16.8,0.2647,51894.56,36,4.0,0
3149,E,16741.08,18.28,0.3772,33050.88,60,3.0,0
3150,C,13808.58,14.52,0.2034,69106.82,60,6.0,0
3151,D,13619.19,13.31,0.2501,73558.33,36,9.0,0
3152,B,11819.52,10.29,0.1881,80742.58,60,4.0,1
3153,D,10935.93,16.51,0.3446,50341.58,36,5.0,0
3154,C,10030.6,9.43,0.2907,66502.54,60,0.0,1
3155,C,15810.7,16.07,0.2356,90089.87,36,11.0,0
3156,D,19302.47,15.4,0.281,74275.88,60,10.0,1
3157,F,17370.86,21.18,0.3918,30885.07,60,,0
3158,A,9440.58,3.0,0.1591,24171.91,60,,0
3159,E,15211.92,18.67,0.3779,55341.91,60,3.0,0
3160,B,8945.62,8.31,0.1358,79374.23,36,8.0,0
3161,C,6463.82,12.15,0.2791,40393.96,36,5.0,0
3162,A,3933.52,4.55,0.1206,69841.79,60,5.0,0
3163,B,6684.53,9.45,0.1891,60253.42,36,0.0,0
3164,C,9859.03,11.42,,61877.15,36,12.0,0
3165,A,6627.01,3.0,0.1448,60195.47,36,10.0,0
3166,C,16779.14,11.78,0.255,83229.2,60,9.0,0
3167,F,18234.31,18.95,0.3266,47663.44,36,3.0,1
3168,A,2940.17,5.53,0.1899,54177.7,60,3.0,0
3169,D,15245.9,14.03,0.2917,71514.32,60,6.0,1
3170,B,13235.22,8.75,0.1576,42244.62,36,10.0,0
3171,D,10907.14,17.47,,78120.9,36,11.0,1
3172,B,8247.58,7.08,0.3053,82839.07,60,2.0,0
3173,A,8958.92,6.59,0.0299,95015.96,60,6.0,0
3174,A,5838.35,4.35,0.0518,67151.57,36,8.0,0
3175,A,6956.89,7.63,0.2611,61069.95,36,2.0,1
3176,A,5928.58,4.45,0.1256,71512.39,36,4.0,0
3177,D,13301.31,14.24,0.2615,53480.14,36,2.0,1
3178,E,18223.52,20.03,0.2931,38250.75,36,,0
3179,E,16468.44,18.35,0.3725,40034.78,60,10.0,1
3180,D,16289.91,14.24,0.4067,48405.29,60,,0
3181,A,3438.02,4.28,0.0601,48939.93,60,7.0,0
3182,B,10494.14,8.43,,77203.34,36,3.0,0
3183,B,3912.92,10.51,,64058.65,36,7.0,0
3184,B,6145.73,5.6,,59449.19,36,10.0,1
3185,C,15544.91,12.03,0.2733,40013.63,60,7.0,0
3186,C,7495.23,12.94,0.2973,39113.29,36,,0
3187,B,14597.11,8.79,0.196,99846.45,60,,0
3188,B,9602.41,10.46,0.3012,53709.37,60,10.0,0
3189,E,16444.03,18.89,0.2655,60989.51,60,10.0,0
3190,E,17339.33,18.72,0.2499,52927.42,36,11.0,0
3191,B,6982.29,9.39,0.2382,15046.61,60,4.0,0
3192,F,16052.66,22.65,0.3574,77264.11,36,10.0,0
3193,F,18299.25,21.91,0.2674,57313.51,60,6.0,0
3194,B,8170.9,9.27,0.131,51181.94,36,0.0,0
3195,B,8560.0,7.52,0.1653,64489.4,36,7.0,0
3196,C,9425.46,11.08,,39314.7,36,5.0,0
3197,F,21595.85,21.71,0.2891,77871.97,36,2.0,1
3198,E,18865.78,21.03,0.2875,33662.16,60,,1
3199,A,11869.52,3.0,0.0361,60584.49,36,0.0,0
3200,B,8053.52,9.09,0.1881,51867.9,60,11.0,0
3201,C,16320.98,12.05,0.0834,61446.83,36,1.0,0
3202,C,9960.97,9.48,,84665.7,36,,1
3203,A,8320.17,5.46,0.1312,102208.74,36,4.0,0
3204,E,14333.2,19.71,0.2946,42818.07,36,8.0,1
3205,D,9762.48,16.38,0.3156,61808.66,60,,1
3206,E,16694.63,15.02,0.2178,51474.3,36,12.0,0
3207,E,16902.56,21.05,0.2579,32331.03,60,8.0,1
3208,D,10888.39,14.39,0.2302,98606.0,36,9.0,0
3209,C,9029.06,13.03,,84529.67,36,1.0,0
3210,C,16078.96,13.11,0.2131,63404.09,36,5.0,0
3211,A,3698.76,3.68,0.2286,98473.77,60,11.0,0
3212,D,15480.64,16.49,0.2017,76817.92,60,2.0,1
3213,A,9756.58,4.42,0.0163,71473.5,36,1.0,0
3214,D,10716.27,12.39,0.3573,60867.34,36,5.0,1
3215,B,9639.77,10.25,0.0641,92218.27,60,11.0,0
3216,A,3653.38,3.84,0.141,52969.24,60,5.0,0
3217,A,8651.17,3.72,0.0413,100126.43,36,,0
3218,A,3355.19,4.4,0.01,65947.97,60,7.0,0
3219,D,13584.41,15.91,0.2275,82444.18,36,,1
3220,D,16837.6,15.41,0.304,54905.92,36,,1
3221,C,7651.71,12.82,0.1267,66076.91,60,1.0,0
3222,A,7556.76,3.0,0.1346,69382.45,60,1.0,0
3223,A,6143.47,3.89,0.1458,60426.81,60,,0
3224,A,5957.62,4.83,0.0237,65139.01,36,3.0,0
3225,A,3275.28,7.85,0.0863,94824.01,36,,0
3226,E,13582.96,18.83,0.3946,15000.0,60,6.0,0
3227,B,9754.9,10.13,0.189,42698.61,60,3.0,0
3228,B,11658.64,8.56,0.1343,51941.51,60,4.0,0
3229,A,3811.49,4.27,0.1249,50589.79,36,11.0,0
3230,B,9725.17,8.13,0.1089,92179.63,36,1.0,0
3231,C,14795.52,11.75,0.2668,82638.19,36,4.0,0
3232,C,12138.78,12.91,0.2668,70656.57,36,2.0,0
3233,B,7360.74,10.56,0.1573,53519.53,36,6.0,0
3234,A,10803.5,5.54,0.1138,94030.93,36,8.0,0
3235,B,6504.86,10.28,,36413.66,60,9.0,0
3236,B,10289.83,7.05,0.0689,103555.69,60,5.0,0
3237,B,9470.94,7.88,0.1274,52676.66,60,10.0,0
3238,F,17205.02,21.41,0.3448,40283.37,60,9.0,1
3239,C,15584.89,12.47,0.2638,52271.81,36,1.0,0
3240,C,7661.32,11.46,0.2553,40684.07,60,,0
3241,B,11015.84,9.59,0.1611,99652.04,60,7.0,0
3242,C,18236.1,10.6,0.2714,74200.1,60,,1
3243,C,11291.06,12.06,0.1434,81878.47,36,4.0,0
3244,D,13113.41,16.53,0.3146,32973.95,36,2.0,1
3245,D,16214.36,12.4,0.2026,58256.88,60,10.0,1
3246,A,9263.52,8.18,0.1744,79378.52,60,2.0,0
3247,C,13045.85,11.58,0.1992,64873.62,60,,0
3248,B,9974.45,5.46,0.0301,44113.28,60,0.0,0
3249,E,16696.27,19.24,0.3438,69359.0,36,,0
3250,D,16870.57,15.55,0.2986,57187.9,60,,0
3251,C,14793.7,11.88,,42810.65,60,,0
3252,A,12026.58,6.49,0.0777,36605.49,60,1.0,0
3253,C,12088.37,13.12,0.1904,70920.0,60,9.0,1
3254,A,4314.97,5.45,0.01,114108.2,36,,0
3255,B,11175.13,9.18,0.01,46725.42,60,5.0,0
3256,A,5028.07,4.84,0.1781,73068.05,36,3.0,0
3257,D,13383.2,18.16,0.2006,74988.95,60,8.0,0
3258,B,4614.19,6.28,0.2613,42146.26,60,9.0,0
3259,B,10227.29,8.71,0.2322,56360.78,60,0.0,0
3260,E,11135.08,19.1,0.394,34517.14,60,2.0,1
3261,B,10384.83,9.72,0.111,82724.18,36,11.0,0
3262,C,10967.03,10.73,0.1035,83859.41,36,4.0,0
3263,B,13622.63,5.88,0.0848,67862.65,60,5.0,0
3264,A,7767.5,5.24,0.0732,54848.79,36,1.0,0
3265,E,22747.97,19.42,0.1576,42029.76,36,12.0,1
3266,A,7187.03,7.23,0.0715,58651.03,60,11.0,0
3267,C,12424.17,10.09,0.1879,42409.16,36,0.0,0
3268,C,6310.31,13.73,0.1223,58163.31,36,6.0,0
3269,D,13532.0,19.05,,65346.88,36,,0
3270,D,13289.58,14.93,,63824.63,36,4.0,0
3271,B,9066.64,6.56,0.1714,64851.82,36,4.0,0
3272,A,7027.57,4.39,,71026.97,36,4.0,0
3273,D,12773.88,15.52,0.2675,53532.09,60,0.0,0
3274,C,13484.94,12.85,0.2082,36650.19,36,9.0,1
3275,E,20537.25,18.11,0.3028,52882.43,36,4.0,0
3276,E,19316.32,21.33,0.2609,39494.74,36,5.0,0
3277,E,13532.12,17.33,0.22,25747.82,60,2.0,1
3278,C,14829.95,9.39,0.3018,66672.7,36,9.0,0
3279,B,4794.5,10.16,0.1878,53988.86,36,9.0,0
3280,E,14233.28,15.59,0.3603,54099.57,60,6.0,0
3281,C,11308.67,11.69,0.195,75257.48,36,11.0,1
3282,A,4361.16,9.68,0.0902,52895.7,36,1.0,0
3283,E,21917.48,18.98,0.3294,51658.18,60,,1
3284,E,21833.74,17.32,,17412.39,36,6.0,1
3285,C,12293.64,11.91,0.1331,87585.6,36,2.0,1
3286,A,5195.21,4.92,0.0521,45536.8,36,1.0,0
3287,B,8992.66,8.74,0.1227,55733.25,60,3.0,0
3288,E,20267.59,19.99,0.2472,74090.84,60,10.0,1
3289,F,17255.45,20.94,0.37,40778.59,36,9.0,1
3290,B,13205.34,11.03,0.1549,43446.84,36,,0
3291,A,10157.21,5.37,0.1836,82835.32,36,1.0,0
3292,E,16336.58,20.09,0.4484,62429.58,60,12.0,1
3293,B,7899.45,7.56,,53602.65,36,3.0,0
3294,C,15621.93,13.93,0.2088,50551.32,36,6.0,0
3295,G,20067.8,25.61,0.4087,32162.64,60,9.0,0
3296,A,4295.91,5.42,0.0991,66273.57,36,1.0,0
3297,D,15239.14,14.1,0.1849,20926.52,36,7.0,0
3298,A,6308.2,3.5,0.045,66734.37,60,0.0,0
3299,B,8594.79,9.53,0.1644,97110.46,60,1.0,0
3300,E,16956.08,18.33,0.2433,33872.54,60,8.0,1
3301,C,9627.93,10.72,,49497.12,60,1.0,0
3302,G,18653.72,25.04,0.3852,18694.88,36,4.0,1
3303,C,11202.85,13.05,,71018.91,36,2.0,1
3304,B,7629.73,7.56,0.0928,86657.55,36,4.0,0
3305,B,11206.99,8.32,,86245.72,36,0.0,1
3306,B,6265.8,8.52,0.0971,42535.81,36,8.0,0
3307,B,7896.35,5.62,0.1596,73996.25,36,,0
3308,A,4854.75,3.0,0.1804,95807.5,36,10.0,1
3309,B,10334.01,9.0,0.1657,74173.94,36,7.0,0
3310,C,11895.51,10.89,,68611.37,36,4.0,0
3311,D,12854.24,17.09,0.299,46510.43,36,10.0,0
3312,D,13277.21,16.95,0.1658,58961.98,60,2.0,0
3313,D,11803.88,16.58,0.3531,77253.73,36,2.0,0
3314,A,7743.74,7.73,,75907.76,36,1.0,0
3315,B,8571.42,8.38,0.2028,42531.05,60,4.0,0
3316,D,12834.49,16.47,0.2948,46791.25,60,12.0,1
3317,C,12887.74,11.12,0.1459,81767.03,36,1.0,0
3318,A,8482.79,8.68,0.1605,75845.38,36,10.0,0
3319,E,18672.32,21.98,0.3299,52143.12,60,7.0,0
3320,D,14366.92,15.52,0.3634,45027.72,36,0.0,0
3321,C,14037.86,12.58,0.2116,81394.79,36,11.0,0
3322,A,6311.61,7.04,0.0935,99923.43,60,12.0,0
3323,D,15630.97,15.28,0.2191,77737.4,36,11.0,0
3324,C,10661.23,11.02,0.0954,85966.65,36,5.0,0
3325,E,19155.39,20.31,0.2809,43543.29,36,2.0,0
3326,D,16275.5,15.62,0.2334,45996.96,36,,0
3327,E,19730.72,19.27,0.3157,47185.79,60,6.0,1
3328,C,8807.62,10.75,0.1146,60694.32,36,4.0,0
3329,A,1813.42,3.0,0.0857,95758.36,36,8.0,0
3330,D,13557.44,15.85,0.2846,75985.96,60,9.0,0
3331,D,16755.03,16.86,0.2905,64692.45,36,2.0,0
3332,D,13679.31,15.16,0.1384,29238.64,36,4.0,1
3333,A,5914.11,7.15,0.1424,39615.61,36,12.0,0
3334,A,7780.1,3.94,0.0852,74328.33,36,2.0,0
3335,E,16638.42,17.42,0.2889,65844.74,60,3.0,1
3336,D,15648.29,15.4,0.1081,53567.79,36,0.0,0
3337,F,19821.64,22.38,,79468.28,36,3.0,1
3338,D,18301.69,16.65,0.2606,35516.06,60,4.0,0
3339,C,12284.66,10.84,0.1081,38249.66,36,1.0,0
3340,D,21529.49,17.55,0.2725,43042.94,36,0.0,0
3341,E,15468.65,21.95,,37358.65,36,6.0,0
3342,C,10594.98,11.94,0.2734,69473.15,36,3.0,0
3343,D,14283.92,17.37,0.2314,47409.19,36,0.0,0
3344,A,5831.19,3.42,,42138.87,36,10.0,0
3345,C,12347.05,13.61,0.1614,76048.41,36,6.0,1
3346,D,12629.98,17.07,0.2859,23320.87,36,1.0,1
3347,B,12901.11,9.8,0.103,45718.07,36,10.0,0
3348,B,8633.47,8.48,0.0964,35791.28,60,,0
3349,B,11571.92,4.07,0.1459,68728.18,60,2.0,0
3350,B,15433.11,7.54,0.0764,68348.86,36,11.0,0
3351,B,3994.73,7.56,0.2461,99496.18,60,1.0,0
3352,C,16093.67,10.53,0.3156,76448.88,60,10.0,0
3353,F,13877.47,22.68,0.3228,70949.63,60,9.0,1
3354,C,6162.59,11.37,0.1168,65194.97,36,3.0,1
3355,A,2692.2,3.76,0.1202,52415.23,60,0.0,0
3356,A,9362.58,3.41,0.0711,72305.94,60,1.0,0
3357,D,13401.91,14.43,0.3205,65663.58,36,1.0,0
3358,B,11273.37,10.18,0.1028,77668.53,60,11.0,0
3359,E,16965.42,18.01,0.3327,41496.58,60,4.0,1
3360,D,11838.33,14.73,0.2568,63798.16,36,,0
3361,E,19353.49,18.31,0.2594,33205.5,36,6.0,1
3362,B,8459.96,9.01,,46221.0,36,2.0,0
3363,D,19665.73,16.18,0.3027,34915.88,36,2.0,0
3364,B,6633.99,3.93,0.1552,65443.27,36,1.0,0
3365,F,16875.95,24.03,0.3558,23798.95,36,9.0,0
3366,D,17055.97,17.65,0.1976,47354.6,60,,0
3367,B,9891.11,6.92,0.2187,81252.5,60,4.0,0
3368,B,6742.63,7.04,0.2127,46475.67,36,1.0,0
3369,A,10804.56,4.32,0.0754,60922.38,36,6.0,0
3370,D,11587.29,14.37,0.2425,56289.36,36,3.0,0
3371,B,8733.87,8.84,,69443.96,60,0.0,0
3372,C,9622.85,9.08,0.132,51012.77,36,5.0,0
3373,B,6946.64,6.82,0.1863,79163.48,60,6.0,0
3374,D,14901.32,17.81,0.2165,65628.14,36,2.0,0
3375,E,16179.49,17.61,,70517.42,36,9.0,0
3376,D,13402.53,17.37,0.2538,53531.17,36,4.0,0
3377,D,15943.36,16.03,0.3256,45769.26,36,,0
3378,A,7298.34,3.0,0.0543,57712.62,60,6.0,0
3379,A,9684.4,5.95,0.0251,75526.5,36,10.0,0
3380,D,5449.19,15.32,,48211.2,36,6.0,0
3381,B,8391.71,7.82,0.1658,54754.94,60,2.0,0
3382,C,13719.7,12.37,0.1694,51930.83,36,9.0,0
3383,A,12527.38,5.71,,57693.57,36,9.0,0
3384,B,7381.57,9.56,0.1374,68582.38,60,12.0,0
3385,A,7730.41,6.77,0.01,44573.5,36,,0
3386,E,18395.33,19.61,0.3332,55454.29,60,,0
3387,B,7404.75,6.44,0.097,77177.88,60,5.0,0
3388,C,3825.64,11.29,0.1783,49544.18,36,7.0,0
3389,A,6355.18,9.41,0.1932,104596.66,36,12.0,0
3390,D,12391.0,16.59,0.3564,55317.18,36,5.0,0
3391,B,7458.6,12.05,0.1155,36895.83,36,7.0,0
3392,E,14642.75,21.09,0.3347,44937.63,60,3.0,0
3393,E,14424.22,19.36,0.2669,51127.81,36,3.0,1
3394,B,1299.78,8.95,0.1328,73081.42,36,3.0,0
3395,F,24082.42,22.45,0.3137,40366.25,36,0.0,0
3396,G,24254.15,23.39,0.2965,21791.74,36,3.0,1
3397,E,17525.33,19.03,0.3057,30290.35,60,1.0,1
3398,E,17118.75,20.82,0.3173,38235.21,60,,1
3399,B,9086.03,7.6,0.1097,54960.04,60,5.0,0
3400,C,8503.44,12.62,0.2653,39570.47,60,9.0,0
3401,A,6614.33,6.28,0.0738,56809.36,36,5.0,0
3402,A,6691.55,3.64,0.0618,81870.25,36,5.0,1
3403,G,25053.96,25.32,0.4316,69671.43,36,2.0,1
3404,B,13678.76,6.97,0.0574,78598.31,60,10.0,0
3405,D,13965.49,14.27,0.3044,78505.5,36,1.0,0
3406,E,14648.14,17.07,0.2759,67534.13,60,,0
3407,E,19385.46,17.65,0.3594,64996.35,60,5.0,0
3408,G,24937.36,28.13,0.4773,33919.67,60,2.0,1
3409,B,9882.24,7.13,0.1884,67536.4,36,,0
3410,A,1204.21,5.19,0.0513,62428.85,36,0.0,0
3411,B,7518.68,7.75,0.075,61056.07,36,1.0,0
3412,A,6924.44,6.77,0.014,71227.01,36,3.0,0
3413,A,6458.36,6.97,0.1662,82844.19,60,,0
3414,B,4909.88,9.8,0.1419,72619.82,60,1.0,0
3415,E,16475.03,19.46,0.264,47087.07,60,7.0,0
3416,C,16740.08,11.65,,60999.7,36,,0
3417,B,9107.39,6.71,0.2148,72802.35,36,6.0,0
3418,D,11935.31,18.42,,67013.1,60,3.0,1
3419,B,13437.36,7.36,0.1763,37658.09,36,1.0,0
3420,A,8359.6,6.0,0.1383,50607.0,60,0.0,0
3421,D,16058.42,17.09,0.2608,74931.59,60,8.0,0
3422,D,11216.82,14.67,0.2681,53904.35,36,7.0,0
3423,D,9928.71,17.06,0.2633,47366.62,60,5.0,0
3424,A,5002.55,6.15,0.1,65257.01,60,1.0,0
3425,E,16755.09,21.59,0.3452,45253.3,36,2.0,0
3426,C,15264.06,11.3,,70042.88,36,9.0,0
3427,C,7365.32,10.07,0.1472,40055.7,36,5.0,0
3428,D,15387.74,14.74,,55446.0,36,12.0,1
3429,E,14491.78,19.31,0.3148,54430.12,60,12.0,1
3430,C,11453.34,12.09,0.2367,67132.82,36,9.0,0
3431,C,8793.85,11.41,,64011.55,60,2.0,0
3432,G,24667.73,23.14,0.4487,49286.31,36,2.0,1
3433,D,13234.68,16.21,0.2463,44691.47,60,2.0,0
3434,C,11934.61,14.96,0.2434,43047.55,60,12.0,1
3435,D,10916.2,16.2,0.2226,99226.08,60,3.0,0
3436,B,11180.91,9.41,0.1268,59577.24,36,8.0,0
3437,B,10223.88,9.36,0.1861,61679.82,36,12.0,0
3438,C,8516.59,12.6,0.1801,72201.12,36,9.0,0
3439,F,17692.89,23.9,0.4823,73729.61,36,6.0,1
3440,F,21051.17,23.09,0.384,35198.49,36,,1
3441,B,4648.56,8.03,0.1515,47021.33,60,1.0,0
3442,C,10635.09,10.81,0.2492,37641.24,36,5.0,0
3443,B,10644.49,8.13,,93675.91,36,12.0,0
3444,G,17403.72,26.47,0.4554,21314.07,36,11.0,1
3445,G,26668.1,25.53,,39503.99,60,1.0,0
3446,D,14643.98,15.97,0.3252,37408.87,36,3.0,0
3447,E,14758.19,19.66,0.2736,23929.59,36,6.0,0
3448,D,7412.73,16.75,0.1766,49737.24,60,5.0,0
3449,C,10021.86,13.92,0.1634,43119.84,36,1.0,1
3450,A,9274.91,5.12,0.0831,57550.69,60,3.0,0
3451,C,11653.28,10.04,0.3,96109.89,60,12.0,0
3452,D,16622.45,14.98,0.3817,62648.13,36,12.0,0
3453,D,17149.74,15.57,0.2707,71766.45,36,6.0,0
3454,B,10370.3,5.75,0.1506,79843.87,60,7.0,0
3455,F,15456.84,24.58,0.329,43184.5,36,2.0,1
3456,A,6116.28,5.21,0.1495,62085.07,36,8.0,0
3457,C,13215.6,12.57,0.3313,64480.82,36,0.0,1
3458,D,14019.73,17.55,0.3572,58032.11,36,2.0,1
3459,D,16846.77,14.55,0.3183,44761.5,36,0.0,0
3460,D,17481.69,16.36,0.3174,57337.26,60,4.0,0
3461,B,10965.64,8.34,0.1999,52286.07,60,10.0,0
3462,A,8604.01,4.72,0.0972,66913.76,36,12.0,0
3463,D,15275.71,14.34,0.2058,48964.9,36,7.0,0
3464,C,13042.98,14.5,0.1988,37160.29,36,8.0,0
3465,A,7617.01,4.44,0.1253,27679.15,60,2.0,0
3466,D,17264.92,16.55,0.1628,38096.86,36,5.0,0
3467,C,10476.97,9.19,0.1908,92473.88,36,8.0,0
3468,D,17127.29,17.27,0.2004,49425.73,60,5.0,0
3469,E,12930.8,20.58,,63967.43,36,1.0,0
3470,A,6231.34,5.15,0.067,31759.99,36,8.0,0
3471,A,8803.14,4.66,0.1197,51850.85,36,2.0,0
3472,D,9707.82,16.1,0.208,30619.19,60,1.0,1
3473,C,9978.55,15.43,,56358.6,60,5.0,1
3474,D,15525.19,12.86,0.148,98595.2,60,0.0,0
3475,E,14587.85,20.17,0.3286,58284.3,36,7.0,0
3476,E,12492.03,17.63,0.2234,80521.03,36,7.0,1
3477,G,20548.42,25.97,0.3694,35420.14,60,2.0,1
3478,C,15897.9,11.63,0.2124,84567.65,60,12.0,0
3479,C,13865.41,11.36,0.2153,97318.62,36,,0
3480,B,13096.12,8.48,0.1638,63031.36,36,1.0,1
3481,A,7969.78,3.3,0.1091,60293.24,60,8.0,0
3482,C,10501.75,13.54,0.1615,36279.4,36,3.0,0
3483,B,6001.55,5.81,0.1402,59436.92,36,8.0,0
3484,F,20107.98,23.31,0.3519,46474.14,36,9.0,1
3485,C,10046.39,11.51,0.2117,96557.17,60,1.0,1
3486,C,15079.64,10.24,0.1961,36690.47,60,7.0,0
3487,B,5068.74,8.8,0.1938,66073.91,36,,0
3488,A,6955.45,3.0,0.1056,37342.45,60,3.0,0
3489,A,5617.71,5.06,0.1121,62318.27,36,1.0,0
3490,C,7313.41,9.87,0.177,65605.12,36,,0
3491,A,5447.52,5.69,0.0369,79226.5,36,1.0,0
3492,C,9565.56,10.61,0.2092,70602.42,36,0.0,0
3493,E,15474.37,18.32,0.3724,57153.27,60,3.0,0
3494,E,14719.88,19.44,0.3266,60447.59,36,3.0,1
3495,D,14170.22,14.34,0.201,55823.3,36,1.0,0
3496,B,10057.75,8.41,0.1989,46138.41,60,7.0,0
3497,E,11201.61,16.73,0.2799,16670.17,36,12.0,1
3498,E,15504.55,19.95,0.3429,40159.62,36,11.0,1
3499,A,3884.21,7.65,0.0779,67576.92,36,2.0,0
3500,D,5666.48,19.69,0.2712,77570.77,60,9.0,1
3501,B,7939.03,8.64,0.1189,63189.17,36,11.0,0
3502,E,16819.83,20.18,0.2704,46461.76,36,11.0,0
3503,G,22787.42,23.33,0.306,46939.49,36,10.0,0
3504,A,2181.43,7.25,0.1307,65139.78,60,9.0,0
3505,E,14050.39,20.16,0.3222,64589.76,60,,1
3506,D,15390.29,14.77,0.2756,90628.01,36,1.0,0
3507,G,24069.85,27.86,0.4165,79434.14,60,5.0,1
3508,C,13935.99,11.62,0.1543,61746.73,60,0.0,0
3509,E,16742.67,18.31,0.358,56064.06,60,12.0,1
3510,A,8917.3,5.71,0.1596,98419.41,60,,0
3511,B,9694.54,6.9,0.1027,62300.68,36,12.0,0
3512,A,5553.97,6.53,0.1319,82225.46,60,9.0,0
3513,G,26180.41,24.42,0.4525,19567.12,60,4.0,1
3514,E,15648.59,17.42,0.2718,44404.9,36,1.0,0
3515,E,13389.48,17.64,0.2822,70810.06,36,2.0,0
3516,F,19482.73,23.64,0.382,32072.48,36,7.0,1
3517,A,2347.5,4.07,0.01,67695.08,60,9.0,0
3518,B,8584.43,6.48,,36664.23,60,12.0,0
3519,A,2777.31,4.09,0.0406,106103.83,36,1.0,0
3520,B,8555.84,8.45,0.0422,87734.51,60,1.0,0
3521,B,5640.49,6.73,0.2151,68385.79,60,0.0,0
3522,C,7809.08,10.27,0.0807,69135.23,60,2.0,0
3523,B,11700.44,11.67,0.1706,72126.17,36,9.0,0
3524,A,8803.22,3.71,0.1487,94917.61,36,2.0,0
3525,A,6587.02,4.52,0.0824,60661.6,60,,0
3526,A,8575.35,4.45,0.0599,83180.82,36,4.0,0
3527,G,20597.89,25.37,0.414,59393.5,36,3.0,1
3528,D,14098.74,16.43,0.2501,76875.87,36,6.0,0
3529,G,26886.81,27.42,0.4602,15000.0,60,5.0,0
3530,C,13131.45,11.54,0.0423,49213.06,36,3.0,0
3531,B,11594.1,6.65,0.0949,46654.93,36,,0
3532,E,13729.8,20.91,0.3337,52692.59,36,2.0,1
3533,B,5691.01,8.36,0.153,28711.46,36,7.0,1
3534,B,13467.66,11.1,0.1951,28178.79,60,12.0,0
3535,B,10845.09,5.13,0.1657,104061.71,36,8.0,1
3536,A,9205.72,5.29,0.0919,81118.41,36,4.0,0
3537,B,9251.65,11.38,0.1319,67178.17,36,8.0,0
3538,B,12590.61,7.97,,71546.11,36,9.0,1
3539,D,14279.45,15.16,0.3421,57634.14,60,3.0,1
3540,A,10268.64,5.44,0.1297,87952.31,60,8.0,0
3541,B,8339.69,7.66,0.1547,53616.0,36,4.0,1
3542,E,17959.12,18.53,,53359.07,36,9.0,0
3543,A,5507.27,4.49,0.1496,74093.58,36,3.0,0
3544,B,6111.18,7.56,0.1751,46156.56,36,11.0,0
3545,E,18243.69,20.84,0.2549,72985.7,60,6.0,0
3546,A,7320.89,5.69,0.2071,61977.82,36,,0
3547,A,6576.46,5.38,0.1148,88313.59,60,4.0,0
3548,C,10749.05,13.21,0.3208,62068.43,60,3.0,0
3549,B,11061.6,8.1,0.1612,94404.53,36,1.0,0
3550,C,7390.34,10.84,0.1853,41255.18,60,0.0,0
3551,E,16529.06,18.1,0.383,30474.34,60,,1
3552,A,6571.7,5.0,0.1181,53697.48,36,4.0,0
3553,C,9605.06,10.41,0.208,62399.32,60,3.0,0
3554,C,11845.65,11.25,0.128,87746.43,60,0.0,0
3555,A,1000.0,4.23,0.1396,98675.69,36,6.0,0
3556,D,16694.3,18.69,0.2204,15000.0,60,1.0,0
3557,B,10373.17,4.34,0.1231,69494.73,60,2.0,0
3558,C,10476.45,11.73,0.1706,15000.0,36,1.0,0
3559,A,5716.66,7.59,0.1263,84310.57,36,5.0,0
3560,C,11218.75,12.18,0.1079,80127.05,60,1.0,1
3561,B,9750.71,9.63,0.1373,64275.6,36,2.0,0
3562,E,18324.14,19.15,0.3588,51511.67,36,4.0,0
3563,A,5075.37,4.0,0.0253,71325.5,36,1.0,0
3564,B,9063.51,5.14,0.1604,50880.05,36,4.0,0
3565,C,8626.53,12.31,,67770.7,60,3.0,0
3566,D,8443.79,14.34,,50834.66,36,,0
3567,C,15582.1,10.8,0.2993,76745.25,36,,1
3568,D,19897.59,14.75,0.151,52954.72,60,12.0,0
3569,D,14161.13,18.12,0.2959,39501.58,60,5.0,1
3570,E,17533.52,22.61,0.2713,22354.44,60,6.0,1
3571,B,3103.13,8.83,0.1183,31446.83,36,11.0,0
3572,C,13895.88,11.3,0.1333,83625.17,60,4.0,0
3573,E,14865.47,17.23,0.3452,41759.79,60,6.0,0
3574,G,15583.96,26.7,0.3885,46094.34,36,4.0,1
3575,E,16353.92,21.67,0.2809,82098.14,60,6.0,0
3576,B,8052.73,8.13,0.1566,54869.52,36,1.0,0
3577,A,1000.0,3.0,0.0898,58705.41,36,9.0,0
3578,C,13632.7,13.01,0.08,57621.09,60,12.0,0
3579,D,12167.88,16.98,0.2206,55529.79,36,0.0,1
3580,C,10557.06,9.62,0.2537,93975.92,60,9.0,0
3581,C,7712.94,12.26,0.1096,88184.77,36,2.0,0
3582,E,10990.21,19.68,0.2346,61175.76,60,2.0,0
3583,B,11576.52,8.39,,91089.45,36,8.0,0
3584,E,18497.31,17.81,0.2565,46792.06,36,0.0,0
3585,B,8731.97,10.02,,70384.96,36,5.0,0
3586,B,11221.09,7.89,0.0844,59572.75,36,0.0,0
3587,C,9752.71,9.77,,36773.37,60,6.0,0
3588,D,14827.69,12.43,0.2471,76669.75,60,5.0,0
3589,A,5110.68,6.89,0.1389,79570.58,36,11.0,0
3590,A,5424.86,5.92,,70325.32,36,8.0,0
3591,F,20300.02,22.63,0.3343,44955.58,36,1.0,1
3592,A,8066.35,4.34,0.2133,42888.13,60,3.0,0
3593,C,12776.61,11.21,0.189,42405.44,36,11.0,0
3594,C,5894.2,10.39,0.2497,66050.76,36,8.0,0
3595,C,13482.49,11.35,0.3159,50475.97,36,6.0,1
3596,D,16265.59,12.32,0.2584,51081.17,36,6.0,0
3597,B,10171.96,7.4,0.0676,63116.19,36,4.0,0
3598,C,13452.88,11.53,0.2055,47715.56,36,6.0,1
3599,B,11656.87,9.41,0.1133,47577.47,36,9.0,1
3600,D,18762.75,15.44,0.2335,25977.56,36,1.0,1
3601,A,7827.69,6.19,0.2191,67362.67,36,12.0,0
3602,C,10134.94,14.02,0.1266,71134.95,36,,0
3603,A,6621.1,6.59,0.118,40414.59,36,4.0,0
3604,B,4295.31,9.21,0.0973,64567.14,36,0.0,0
3605,B,11511.12,8.52,0.1315,70060.58,60,6.0,0
3606,A,6711.19,3.53,0.1447,52187.55,60,4.0,0
3607,E,17462.41,20.11,0.3191,75598.55,60,2.0,1
3608,B,9334.37,11.02,0.1365,58057.12,36,12.0,0
3609,F,17639.83,23.01,0.311,43177.33,60,4.0,1
3610,G,23846.67,28.88,0.419,37097.15,36,4.0,1
3611,C,9999.61,9.71,0.3025,28126.06,36,5.0,0
3612,A,5034.13,3.27,0.0459,88157.54,36,,0
3613,B,10852.38,9.78,0.2647,47800.66,36,4.0,0
3614,E,19446.28,19.4,0.372,45742.63,36,3.0,1
3615,B,13146.33,10.47,0.2322,75757.9,36,5.0,1
3616,A,10799.64,4.98,0.1185,96296.26,36,10.0,0
3617,C,7611.85,10.7,0.2703,40561.22,60,2.0,0
3618,E,18946.78,18.68,0.2395,41963.3,60,6.0,1
3619,E,16691.11,16.7,0.2599,74883.54,60,,0
3620,A,5067.5,3.31,0.1459,78346.85,36,3.0,0
3621,D,9862.74,16.96,0.2678,67081.08,60,5.0,0
3622,B,5681.52,9.81,0.1411,46079.63,60,0.0,0
3623,B,5510.84,9.04,0.01,58174.23,60,6.0,0
3624,E,19792.29,16.42,0.2739,46978.96,36,3.0,0
3625,B,8214.29,7.96,0.0796,49557.89,60,12.0,1
3626,B,12222.63,6.66,0.1796,34857.75,36,7.0,1
3627,A,8957.85,6.76,0.0885,60811.03,36,2.0,0
3628,E,16824.79,18.12,0.2623,74377.19,36,1.0,1
3629,E,14990.78,17.37,0.4586,51065.12,60,,0
3630,D,10732.05,15.54,0.3123,79737.24,36,1.0,1
3631,D,16407.24,14.54,0.3134,58222.38,36,7.0,1
3632,A,4062.26,7.23,0.2321,56235.26,60,,0
3633,C,13293.81,10.9,0.2481,82997.14,36,1.0,0
3634,B,11950.45,6.4,0.1037,68821.87,60,4.0,0
3635,A,10295.87,3.0,0.0467,87313.1,60,3.0,0
3636,C,15900.78,11.95,0.2579,40770.09,36,7.0,1
3637,F,17948.98,21.66,,63697.61,36,,1
3638,A,7584.41,3.0,0.0953,89240.01,36,12.0,0
3639,B,7631.14,10.28,0.0197,70215.81,60,,0
3640,B,8999.27,9.5,,50475.4,60,,0
3641,B,12707.05,8.46,0.2012,64171.84,36,,0
3642,F,18658.22,24.55,0.3668,56003.24,36,6.0,1
3643,C,11670.02,12.99,0.2563,64222.26,36,8.0,0
3644,C,13474.42,10.77,0.3179,70819.49,60,8.0,0
3645,D,14141.87,13.94,0.2414,73220.43,36,0.0,0
3646,A,5598.45,6.23,0.2685,58327.96,36,12.0,1
3647,C,8627.36,12.59,0.2128,39208.64,60,11.0,1
3648,C,9734.67,12.25,0.2569,59324.3,36,1.0,0
3649,C,14840.98,10.73,0.1633,54064.62,36,6.0,0
3650,G,21610.66,26.91,0.4972,54145.24,60,3.0,1
3651,D,11982.13,14.37,0.3125,35659.03,36,,0
3652,B,7992.13,8.35,0.2383,83366.87,36,8.0,0
3653,E,12865.49,21.17,0.3033,74365.02,60,2.0,1
3654,A,8037.68,4.01,0.0247,70005.49,36,0.0,0
3655,A,6522.83,3.0,0.1276,71093.25,60,3.0,0
3656,B,10583.36,6.92,0.0482,51184.16,60,0.0,0
3657,B,10528.73,9.99,0.1298,55232.1,60,1.0,0
3658,C,17869.19,12.38,0.2115,52649.94,60,7.0,1
3659,C,10517.71,11.81,,85972.92,60,8.0,0
3660,F,17481.34,21.74,0.3691,43706.33,36,5.0,0
3661,C,13134.41,12.73,0.2084,36200.89,36,6.0,1
3662,C,7734.07,10.73,0.1962,64596.38,36,,0
3663,A,6342.73,5.46,0.0195,84873.22,60,3.0,0
3664,A,4409.87,3.9,0.1051,69542.6,36,8.0,0
3665,C,14343.05,10.65,0.2062,86445.84,36,3.0,0
3666,C,12330.83,11.04,0.1419,73995.16,60,3.0,0
3667,E,18048.15,18.44,,31115.68,36,2.0,0
3668,A,11547.41,4.93,0.0711,60074.21,60,6.0,0
3669,A,9398.91,5.35,0.1039,74072.07,36,9.0,0
3670,C,16218.2,6.47,0.1725,30008.59,36,5.0,0
3671,B,4810.66,7.29,0.0869,71054.42,36,1.0,0
3672,A,5489.24,4.41,0.1174,38291.52,36,10.0,0
3673,D,14729.51,17.76,,73421.8,36,0.0,0
3674,A,9429.2,3.38,0.1073,86330.93,36,,0
3675,C,4765.01,12.24,0.1662,69086.06,36,2.0,0
3676,B,2972.45,10.74,0.1857,52834.19,60,11.0,0
3677,A,7566.04,3.03,0.0886,73063.65,36,8.0,0
3678,B,10360.31,9.09,0.0787,55759.21,60,6.0,0
3679,E,16949.38,17.8,0.3622,31445.33,60,7.0,1
3680,B,8024.13,7.74,,58902.63,36,5.0,0
3681,D,12044.33,14.3,0.2428,67568.78,36,1.0,0
3682,A,6929.1,3.9,0.01,70788.66,36,8.0,0
3683,D,10556.79,19.58,0.2053,81112.78,60,5.0,0
3684,B,5149.37,9.77,0.2711,78784.05,60,7.0,0
3685,D,15259.79,17.15,0.1595,66856.43,36,0.0,1
3686,C,13980.02,12.74,0.1849,31039.32,36,,0
3687,F,21575.88,20.09,0.349,39867.15,60,6.0,1
3688,B,5022.04,9.09,0.1692,45841.3,60,4.0,0
3689,A,1000.0,6.61,0.0102,66705.95,36,2.0,1
3690,A,4466.36,3.72,0.1105,57521.03,36,2.0,0
3691,E,20560.92,20.45,0.1988,43203.11,36,7.0,0
3692,C,12009.03,13.06,0.2058,79100.93,60,0.0,0
3693,D,19527.79,18.28,0.2109,63554.5,60,4.0,0
3694,B,7973.73,7.87,0.098,83128.06,36,5.0,0
3695,B,10800.03,6.85,0.2001,36187.7,36,,1
3696,A,5753.56,4.46,0.0859,71043.54,60,9.0,0
3697,G,21060.73,28.15,0.4284,57400.69,60,0.0,0
3698,D,14368.86,12.76,0.2804,82113.33,36,10.0,0
3699,F,15778.75,19.4,0.4262,17134.41,36,8.0,0
3700,B,10104.63,8.63,0.0775,58673.29,36,4.0,0
3701,C,5694.85,11.34,0.2551,78616.08,36,11.0,0
3702,D,15992.83,15.51,0.251,51538.99,36,8.0,0
3703,B,4654.21,9.92,0.1273,48612.48,36,11.0,0
3704,E,20740.92,18.17,0.231,22100.01,60,5.0,0
3705,F,18909.54,19.69,0.3864,27923.37,60,4.0,1
3706,E,20957.07,22.07,0.2447,19599.77,36,5.0,1
3707,D,14645.17,14.0,0.2811,56052.29,60,0.0,0
3708,B,9105.48,6.91,0.2657,81133.58,60,11.0,0
3709,B,12818.29,10.16,,42302.45,36,7.0,1
3710,G,23377.34,25.42,0.4835,44639.14,60,,1
3711,A,1000.0,4.9,,85214.88,36,11.0,0
3712,D,17332.16,16.22,0.2958,54951.25,60,12.0,0
3713,D,11918.3,17.13,0.1813,26007.5,36,1.0,0
3714,D,21059.08,15.0,0.236,61951.81,36,,0
3715,G,23598.12,28.28,0.5045,39016.35,36,6.0,1
3716,B,13130.85,5.3,0.1135,62182.92,36,5.0,0
3717,B,11706.85,9.64,0.2167,55156.93,36,12.0,0
3718,A,7005.08,3.74,0.1609,71562.17,60,10.0,0
3719,C,10823.67,14.06,0.2645,69176.72,60,8.0,0
3720,B,7407.21,8.71,0.074,108031.67,36,4.0,0
3721,B,4179.1,7.49,0.1815,67021.98,36,7.0,0
3722,E,12405.62,19.99,0.2906,77200.54,60,5.0,1
3723,F,18937.42,23.84,0.4153,51439.59,36,2.0,0
3724,A,4167.26,5.96,0.01,68208.49,36,4.0,0
3725,B,9459.02,6.96,0.1721,67673.86,60,2.0,0
3726,F,22249.19,21.77,0.3636,23008.75,60,5.0,1
3727,A,2679.81,4.99,0.01,75505.48,60,8.0,0
3728,A,9053.06,4.94,0.0469,34142.83,36,0.0,0
3729,A,10995.07,6.12,0.01,54472.01,36,9.0,0
3730,C,10291.48,8.98,0.1564,61977.18,60,,0
3731,A,2807.39,5.5,0.133,91491.68,60,5.0,0
3732,G,23071.84,25.57,0.4117,65751.24,60,6.0,1
3733,C,12798.36,10.74,0.2102,55742.16,36,9.0,0
3734,C,10749.48,10.89,0.1376,62802.91,60,9.0,0
3735,B,6282.53,8.18,0.2172,82718.52,36,4.0,0
3736,C,11323.17,6.6,0.1989,36069.12,36,0.0,0
3737,D,13100.96,14.45,0.252,62285.46,36,8.0,0
3738,D,13135.08,14.19,0.3064,40097.93,60,5.0,0
3739,D,9547.55,16.3,0.1905,51907.15,36,3.0,0
3740,C,8634.68,10.79,0.2137,51737.58,36,,1
3741,F,20216.65,22.18,0.3754,52836.45,60,1.0,0
3742,E,13844.41,21.31,,59905.47,36,3.0,1
3743,D,9118.12,16.99,0.2891,71039.42,36,4.0,1
3744,A,9010.24,6.35,0.1286,76267.58,60,5.0,0
3745,A,2916.23,4.25,,73089.77,60,6.0,0
3746,B,6993.72,9.31,,98372.43,36,,0
3747,D,15947.95,15.15,,27561.54,60,11.0,0
3748,B,11411.17,8.21,0.1973,95520.98,36,5.0,0
3749,B,11275.92,9.11,0.1538,59783.21,60,4.0,0
3750,E,14898.19,18.1,0.3672,60276.05,60,0.0,1
3751,E,20761.18,21.24,0.3395,44138.13,36,6.0,1
3752,F,12336.55,22.26,0.2427,32354.25,60,6.0,0
3753,B,12574.49,9.43,,73722.39,36,6.0,0
3754,D,18335.46,17.68,0.3209,73758.31,36,10.0,0
3755,B,6060.02,10.05,0.1352,73514.14,60,9.0,0
3756,A,2926.83,3.0,0.1099,60241.92,36,10.0,0
3757,A,2301.15,5.67,0.1684,135004.3,36,0.0,0
3758,B,8664.38,9.78,0.1496,86574.33,36,3.0,0
3759,C,15351.09,13.34,0.2022,76800.16,36,3.0,0
3760,E,15610.56,17.33,0.2479,43646.64,60,7.0,1
3761,A,7339.36,4.01,0.1222,58747.02,60,4.0,0
3762,D,8463.36,16.99,0.2852,49962.9,36,9.0,0
3763,C,6827.14,10.86,0.1653,79465.32,36,4.0,0
3764,B,5235.4,8.05,0.0947,47169.12,36,2.0,0
3765,C,16528.55,14.36,0.3576,40772.33,36,3.0,0
3766,B,6584.43,8.43,,74711.86,36,2.0,0
3767,C,12747.24,10.91,0.159,65745.54,36,2.0,0
3768,C,10955.34,10.68,0.2424,46134.36,36,2.0,0
3769,A,6800.26,5.5,0.097,50358.34,60,0.0,0
3770,A,6255.84,3.0,0.0349,95882.15,60,8.0,0
3771,C,12575.59,11.63,0.229,66426.08,60,4.0,0
3772,F,16639.25,23.0,0.2988,20456.35,60,0.0,0
3773,B,13616.51,10.45,0.2446,41714.74,36,4.0,0
3774,D,12338.09,16.5,0.2797,48492.78,60,11.0,0
3775,D,10859.61,14.43,0.2334,68191.15,60,5.0,0
3776,F,20512.77,24.27,0.3566,55710.16,60,12.0,0
3777,E,17846.07,18.55,0.3542,70370.21,36,5.0,1
3778,C,8840.56,10.15,0.2112,33173.7,60,12.0,1
3779,D,14215.73,15.24,0.3773,59029.24,60,2.0,1
3780,E,11223.0,21.16,0.3682,75666.39,36,3.0,0
3781,B,10031.56,8.75,0.1793,88990.43,60,8.0,0
3782,B,11210.65,8.52,0.0938,71460.38,36,12.0,0
3783,A,11781.22,7.46,0.0912,112264.33,36,9.0,0
3784,E,18122.98,16.85,0.3287,60967.13,36,6.0,0
3785,E,14322.66,17.07,0.2506,68769.44,36,1.0,0
3786,A,6328.47,3.0,0.1776,70800.06,60,3.0,0
3787,C,14337.05,12.56,0.1416,45942.44,36,1.0,0
3788,C,11349.99,12.25,0.1618,44246.23,36,,0
3789,A,8744.13,7.31,0.0663,73269.07,60,2.0,1
3790,G,20173.74,26.37,0.4446,36192.96,36,4.0,1
3791,B,15382.71,7.89,0.1017,33165.46,60,,0
3792,A,4171.38,5.0,0.01,51535.72,60,1.0,0
3793,C,8299.92,12.18,0.2653,54268.74,36,3.0,0
3794,D,17103.39,12.99,0.2233,68091.03,60,2.0,0
3795,A,4671.87,9.07,0.0359,69710.67,36,3.0,0
3796,D,18871.44,16.28,0.2047,53702.84,60,3.0,0
3797,C,5457.83,12.32,0.303,42235.57,60,2.0,0
3798,A,6737.08,5.92,0.0606,70416.99,60,11.0,0
3799,A,7472.23,6.06,0.0926,93743.82,36,4.0,0
3800,C,10327.4,11.79,0.1732,62800.35,36,1.0,0
3801,B,9307.74,7.55,0.076,37868.36,60,5.0,1
3802,F,21036.57,23.4,0.3054,22472.59,60,2.0,1
3803,E,14282.72,19.58,0.2219,60598.2,36,2.0,0
3804,G,19848.94,24.79,0.4574,35962.32,36,3.0,1
3805,B,10153.39,10.63,0.1561,63657.56,36,1.0,1
3806,G,20899.99,26.44,0.549,28970.78,60,,1
3807,C,10632.96,13.09,0.1575,69061.42,36,9.0,0
3808,B,6360.03,10.59,0.0985,59583.48,60,4.0,0
3809,A,5356.17,5.03,0.192,66640.96,60,7.0,0
3810,A,9395.82,5.48,0.1635,54677.98,36,4.0,0
3811,D,16566.33,16.72,0.2731,71590.44,36,1.0,0
3812,C,7556.24,10.91,0.1332,56019.61,60,4.0,0
3813,B,9167.9,8.58,0.2547,75941.85,36,6.0,0
3814,C,7786.14,12.19,,38515.35,36,0.0,0
3815,B,5078.73,7.07,0.1242,96209.9,36,7.0,0
3816,C,9926.15,15.48,,82992.73,36,8.0,0
3817,B,8172.18,6.39,0.1487,30623.64,36,10.0,0
3818,E,18374.13,17.05,0.2301,35565.13,60,1.0,1
3819,E,15915.36,20.97,0.3024,58597.42,60,,0
3820,C,12075.1,13.07,0.1531,36244.88,60,0.0,0
3821,B,15675.46,6.96,0.01,62631.31,36,11.0,0
3822,B,6168.16,9.41,0.0971,72679.37,36,9.0,0
3823,E,16855.24,21.2,0.2683,46674.93,36,10.0,1
3824,B,13530.21,8.45,0.0807,74699.1,36,5.0,0
3825,B,11192.71,12.4,0.1845,52520.06,36,5.0,0
3826,A,9373.5,3.0,0.0534,29604.73,36,3.0,0
3827,C,13683.12,13.04,0.2287,77678.08,36,10.0,0
3828,C,9272.67,13.75,0.126,77564.66,36,9.0,0
3829,E,18056.18,20.34,0.3546,95065.46,36,4.0,1
3830,B,10831.38,8.19,0.0734,25270.64,36,3.0,0
3831,B,12671.47,8.06,0.01,78514.98,36,8.0,0
3832,E,16587.52,19.67,0.3742,15000.0,60,0.0,1
3833,E,16483.1,20.22,0.2486,81616.88,36,10.0,0
3834,B,10232.79,9.4,0.2554,73781.6,36,,0
3835,C,11868.6,13.56,0.2339,42865.28,36,4.0,0
3836,B,11626.03,6.97,0.1974,79044.0,36,7.0,0
3837,F,20470.92,22.16,0.4127,35045.19,60,7.0,1
3838,A,1821.74,3.59,0.1068,75407.49,36,2.0,0
3839,F,20400.87,21.92,0.3574,48707.29,60,11.0,0
3840,D,15407.49,17.02,0.3269,86395.03,36,12.0,0
3841,C,9374.26,12.16,0.2067,92668.67,60,5.0,0
3842,A,6955.54,8.91,0.0563,59249.22,60,6.0,0
3843,C,12192.36,12.29,0.2351,79045.9,60,6.0,1
3844,B,4954.44,8.59,0.0232,71387.12,36,5.0,0
3845,A,4216.57,5.16,0.1792,44571.72,60,11.0,0
3846,D,13614.56,14.54,0.3304,42467.89,36,2.0,0
3847,G,19931.57,25.91,0.4719,82050.63,36,1.0,1
3848,C,13218.24,13.69,0.2696,66441.38,60,11.0,0
3849,D,12286.67,15.67,0.2449,72996.03,60,2.0,0
3850,A,2167.62,3.81,0.0936,66183.2,36,8.0,0
3851,B,8986.73,7.11,0.0762,55281.05,60,2.0,1
3852,A,4866.02,4.32,0.2049,70490.76,36,,1
3853,C,16263.78,12.11,0.1709,55210.13,36,,0
3854,F,21787.69,24.29,0.3704,18121.45,60,11.0,0
3855,D,11064.47,13.49,0.2652,36940.14,36,12.0,0
3856,A,6331.14,4.52,0.0196,82741.92,36,1.0,0
3857,B,7494.01,8.72,0.0453,58147.57,36,4.0,0
3858,C,5333.67,9.25,0.2003,60462.69,60,7.0,0
3859,B,5589.45,7.25,,69228.61,36,,0
3860,E,16476.94,17.98,0.2946,55634.9,36,2.0,0
3861,E,19734.99,17.81,0.3639,70638.42,36,11.0,0
3862,C,11593.86,12.29,0.2135,40223.48,60,2.0,0
3863,B,4740.56,8.26,0.1955,75264.55,60,10.0,0
3864,B,9435.09,7.67,0.1767,78590.5,60,5.0,0
3865,A,6183.4,5.64,0.081,87745.33,60,5.0,0
3866,B,6939.09,11.08,0.0899,39567.48,36,4.0,0
3867,B,6302.6,10.96,0.1659,69586.75,36,1.0,0
3868,D,13931.34,12.62,0.255,85889.37,36,3.0,0
3869,D,14651.92,16.37,0.3049,53215.83,36,4.0,0
3870,A,1837.22,4.73,0.0909,78702.9,36,5.0,0
3871,B,8308.44,8.73,0.1322,79047.12,60,8.0,0
3872,A,4720.01,4.4,0.0862,51541.54,36,3.0,0
3873,A,4122.32,5.18,0.0449,103008.85,36,4.0,0
3874,E,13828.09,19.23,0.3868,58991.01,36,11.0,0
3875,A,11880.47,4.13,0.1684,79351.05,36,8.0,1
3876,B,10214.05,7.16,0.0772,35083.51,36,0.0,0
3877,A,4918.69,4.33,0.1482,84301.81,60,9.0,0
3878,E,15824.91,19.35,0.1893,59115.39,36,12.0,1
3879,C,12530.85,12.9,0.2591,89235.44,36,11.0,1
3880,B,10068.01,9.78,0.1082,59397.23,60,10.0,0
3881,C,8298.02,11.26,0.2216,42222.15,36,7.0,1
3882,D,11830.6,15.93,,42719.7,60,2.0,1
3883,F,21298.99,23.94,0.2781,35910.39,36,7.0,1
3884,B,11831.51,10.25,0.1781,44860.76,60,,1
3885,E,18308.92,18.91,0.2579,73222.88,36,3.0,1
3886,F,20928.59,22.17,0.2996,68898.56,60,2.0,0
3887,F,20860.66,22.79,,41475.75,36,4.0,1
3888,D,13389.48,13.78,0.3827,47930.32,36,7.0,0
3889,D,15622.51,15.21,0.3062,22321.33,60,3.0,1
3890,B,8010.59,9.62,0.0845,77527.3,36,6.0,0
3891,D,18417.71,16.46,0.3558,84761.92,36,11.0,0
3892,C,6384.98,11.59,0.1063,48530.5,36,3.0,0
3893,D,16361.06,15.83,0.2317,52897.88,36,12.0,0
3894,C,12444.59,10.76,0.2033,67817.25,60,5.0,1
3895,D,17560.36,16.56,0.3654,86039.53,60,1.0,0
3896,E,13169.8,18.88,0.3548,53595.97,36,0.0,0
3897,A,3423.47,4.59,0.0722,73517.74,36,3.0,0
3898,E,18769.75,18.46,,53227.73,60,2.0,0
3899,C,13567.42,11.91,0.2601,34349.41,36,10.0,0
3900,E,18750.31,18.33,0.268,23957.77,60,,0
3901,C,14788.8,12.99,0.213,45456.09,36,10.0,0
3902,B,12600.4,7.91,0.0678,83232.03,60,6.0,0
3903,F,13479.94,24.89,0.3842,38963.57,36,4.0,0
3904,B,4704.22,10.7,0.1793,55467.13,36,2.0,0
3905,E,12797.18,17.66,0.2255,40150.86,36,6.0,0
3906,C,12132.6,12.1,0.2619,57522.18,60,6.0,0
3907,C,12037.5,11.02,0.2333,90637.94,36,4.0,0
3908,B,8237.06,8.01,0.1944,62278.45,60,11.0,0
3909,C,5373.65,15.0,0.1773,45846.65,36,7.0,0
3910,B,6896.89,8.04,0.1607,65454.42,36,,0
3911,A,12144.61,5.54,0.1038,101591.5,60,7.0,0
3912,B,8778.54,9.31,0.1411,55949.16,36,3.0,0
3913,A,4727.3,3.5,0.1102,48741.91,36,8.0,1
3914,G,22277.67,24.72,0.4754,30982.16,36,2.0,1
3915,G,20742.93,24.19,0.4645,42317.75,60,6.0,0
3916,B,9394.04,7.17,0.0791,77388.34,36,4.0,0
3917,D,15659.66,11.22,0.3091,73123.9,36,1.0,0
3918,B,5913.41,9.32,0.2215,46177.09,36,4.0,0
3919,D,20256.18,18.58,0.2409,37884.78,36,3.0,0
3920,E,18046.44,19.22,0.3305,44181.28,36,1.0,1
3921,F,17579.82,20.38,0.3796,57320.87,60,9.0,1
3922,B,11188.05,7.54,,42319.86,36,5.0,0
3923,E,12636.09,18.31,,39068.12,60,3.0,0
3924,B,9259.76,6.97,0.195,54330.61,36,5.0,0
3925,G,22846.0,27.29,0.3703,56951.48,60,8.0,1
3926,A,3228.87,6.22,0.1585,79508.69,60,0.0,0
3927,C,14234.15,10.27,0.2783,76266.93,36,6.0,0
3928,D,12206.4,16.59,0.3186,79096.2,36,5.0,0
3929,D,11321.45,17.79,0.3688,49498.3,60,11.0,0
3930,A,10398.73,7.85,,48626.69,36,6.0,0
3931,F,18702.95,26.8,0.3606,23742.65,36,1.0,0
3932,A,8358.95,3.65,0.1192,36914.06,60,4.0,1
3933,D,12171.55,19.74,0.2464,46742.2,36,7.0,1
3934,B,10965.29,7.97,0.1825,58083.99,36,0.0,0
3935,B,12403.01,7.61,0.0473,79175.96,60,10.0,0
3936,C,6923.35,12.49,,60304.46,36,0.0,0
3937,B,15383.05,7.63,0.0674,56174.09,36,0.0,0
3938,A,7520.99,5.6,0.0422,67912.02,36,0.0,0
3939,A,7780.36,3.02,0.144,51298.48,36,7.0,0
3940,B,9992.55,8.14,0.1381,83457.32,60,4.0,0
3941,D,15510.24,17.43,,40853.52,60,1.0,1
3942,E,13946.02,18.91,0.2868,29481.24,36,10.0,1
3943,A,11786.27,5.21,0.1664,84721.88,60,2.0,0
3944,B,10220.4,9.21,0.1357,75334.96,36,3.0,0
3945,A,6246.77,6.76,0.01,38973.66,60,1.0,0
3946,A,4535.26,3.0,,85390.03,36,11.0,0
3947,D,12547.77,16.38,0.1199,41651.33,36,8.0,0
3948,C,10977.58,11.6,0.1128,53266.12,36,8.0,0
3949,A,4190.09,5.25,0.047,73366.36,36,0.0,0
3950,B,7754.02,10.09,,75559.25,36,5.0,0
3951,A,4234.85,3.21,0.0673,78018.63,36,6.0,0
3952,E,17362.3,17.48,0.2375,49103.27,60,4.0,0
3953,G,19419.36,23.1,0.3156,32356.42,60,,1
3954,A,9459.58,4.18,0.1925,77419.97,60,10.0,0
3955,B,4507.57,10.5,0.1093,62869.02,36,0.0,0
3956,E,18865.86,18.82,0.1662,82496.38,36,7.0,0
3957,F,15408.37,20.49,0.3283,55555.36,36,4.0,0
3958,B,10323.87,7.77,0.0825,48378.52,36,7.0,0
3959,A,5533.56,3.0,0.0469,61403.2,36,2.0,0
3960,A,7838.09,3.31,0.1426,70867.46,36,2.0,1
3961,C,17463.57,12.58,0.1731,83389.76,36,6.0,1
3962,B,9173.63,6.74,,90399.89,60,12.0,0
3963,A,4358.29,6.67,0.1268,62869.58,60,12.0,0
3964,C,15228.94,11.89,0.269,43194.58,36,2.0,0
3965,A,10335.63,5.13,0.1322,50893.04,60,1.0,0
3966,E,19442.84,18.58,0.1528,54543.72,36,6.0,0
3967,B,14583.82,9.66,0.0831,106468.12,36,4.0,0
3968,A,11628.32,6.17,0.1028,79703.69,36,9.0,0
3969,C,11804.85,12.5,0.1853,31309.57,60,5.0,0
3970,B,9724.23,9.35,0.1304,51931.93,36,5.0,0
3971,G,24138.24,25.68,0.341,28769.54,36,7.0,1
3972,C,13273.29,12.81,0.1157,45203.95,36,1.0,0
3973,B,8820.51,7.99,0.2705,58017.91,36,7.0,0
3974,D,14630.04,15.5,0.2516,61649.11,36,5.0,1
3975,B,12058.83,8.09,0.1885,77275.66,60,9.0,0
3976,F,15396.12,21.81,0.3504,64651.74,36,1.0,1
3977,B,5584.21,7.47,,74435.65,60,3.0,0
3978,C,12741.55,12.7,,24825.3,36,12.0,0
3979,A,6922.06,6.97,0.0328,50968.52,36,,0
3980,C,11566.2,13.76,0.1091,57154.31,60,11.0,0
3981,E,15264.25,17.12,0.3232,52651.04,36,7.0,0
3982,E,16326.13,20.93,0.3113,65505.53,36,11.0,0
3983,B,9510.71,8.02,0.2063,65777.32,36,3.0,0
3984,B,6575.05,9.4,,65912.73,60,1.0,0
3985,E,18167.15,17.64,0.2515,54280.35,60,,0
3986,F,23488.5,22.71,0.418,40409.61,36,9.0,1
3987,A,12419.42,5.47,,71563.93,36,6.0,0
3988,C,8942.1,9.77,0.2415,80264.98,60,6.0,1
3989,B,12581.83,9.41,0.285,63489.6,36,11.0,0
3990,E,16077.63,21.02,0.4226,49456.17,36,1.0,0
3991,A,5007.86,4.74,0.1414,69395.46,60,,0
3992,B,6921.68,10.54,0.1839,88359.93,60,0.0,0
3993,D,11314.37,15.22,0.3149,35055.04,36,1.0,0
3994,A,9956.46,6.27,0.065,101965.24,60,4.0,0
3995,C,7566.44,8.67,0.1658,38825.13,36,9.0,0
3996,C,10974.02,15.63,0.2404,48224.04,60,8.0,0
3997,B,12626.34,10.74,0.0986,78405.29,36,12.0,0
3998,B,11400.03,8.07,0.1856,83545.7,36,0.0,0
3999,C,13714.84,9.04,0.2094,34737.02,36,4.0,0
4000,A,6143.12,5.43,0.0486,50331.37,36,,0
4001,C,7130.38,9.83,0.2016,65001.17,36,0.0,0
4002,E,20437.89,19.67,0.3783,92199.55,60,2.0,0
4003,D,16986.85,16.12,0.2549,77432.73,36,2.0,1
4004,A,6192.31,3.59,0.1052,65534.25,60,4.0,0
4005,A,8421.69,6.68,0.1197,26455.68,36,1.0,0
4006,B,5568.29,9.71,,66469.57,60,5.0,0
4007,B,10385.68,9.96,0.1301,71521.34,36,11.0,0
4008,B,7564.46,8.51,0.171,58111.49,36,8.0,0
4009,D,6738.55,13.38,0.1871,39686.97,36,10.0,0
4010,A,12267.7,6.47,0.0521,72864.97,36,9.0,0
4011,A,2643.61,4.59,0.0597,53039.3,36,4.0,0
4012,B,9866.7,6.42,0.1782,98704.08,36,8.0,0
4013,D,11819.97,17.53,0.2596,82301.41,60,8.0,0
4014,A,7074.41,8.15,0.0919,81842.43,60,2.0,0
4015,D,13484.98,15.44,0.2914,56614.79,60,,1
4016,B,7780.78,11.74,,53117.05,36,4.0,0
4017,E,14356.75,19.14,0.2826,49625.83,60,0.0,0
4018,E,12357.19,18.43,,79507.35,36,7.0,0
4019,B,8910.38,7.55,0.1008,80635.77,36,7.0,0
4020,B,8168.55,10.96,0.062,68666.46,36,6.0,0
4021,B,7754.46,7.33,0.1584,81631.54,36,2.0,0
4022,B,9314.8,9.6,0.0983,74820.99,36,5.0,0
4023,D,11706.21,14.66,0.2203,62133.0,36,4.0,0
4024,E,18767.04,18.31,0.2923,67650.14,36,12.0,1
4025,D,12634.15,17.05,0.3126,64306.5,60,9.0,1
4026,E,18842.62,18.43,0.3557,65453.93,60,9.0,1
4027,B,7803.44,7.89,0.1467,67904.97,36,2.0,0
4028,A,8536.11,6.7,0.1759,65425.74,36,3.0,0
4029,D,11275.13,17.9,0.1293,45133.07,60,4.0,1
4030,B,7056.53,9.47,0.2626,52988.43,36,5.0,1
4031,D,17431.97,14.52,0.2915,26106.93,60,0.0,0
4032,B,13524.35,7.73,0.1562,48585.08,60,6.0,0
4033,A,7500.41,5.12,,53064.64,36,3.0,0
4034,G,25884.43,26.48,0.3737,30867.79,36,6.0,1
4035,A,8019.16,3.52,0.1366,98120.4,60,0.0,1
4036,G,27451.07,27.08,,37163.88,60,,1
4037,G,21543.92,26.13,0.4401,44351.8,36,9.0,1
4038,E,14795.55,16.43,0.2563,54919.75,36,5.0,0
4039,D,16696.79,14.11,0.1942,83576.46,60,9.0,0
4040,C,8297.02,11.24,0.2117,49639.46,36,8.0,0
4041,E,12915.92,18.89,0.3462,45994.6,60,,1
4042,B,9340.61,11.33,0.1502,63088.41,60,0.0,0
4043,C,14494.36,12.36,0.2889,80457.63,60,,0
4044,C,8263.73,10.74,0.202,84193.9,36,6.0,0
4045,B,12308.15,8.83,0.15,73542.51,60,11.0,0
4046,C,17118.58,11.47,0.2402,82192.37,36,7.0,1
4047,B,3264.73,8.99,0.2232,68197.9,36,4.0,0
4048,C,9121.44,12.87,0.119,56893.14,36,1.0,0
4049,E,11546.46,20.81,0.2329,71217.03,36,5.0,1
4050,B,9405.6,8.46,0.1312,73777.12,60,4.0,0
4051,F,20746.55,24.96,0.5395,31760.45,60,9.0,1
4052,D,12982.05,16.86,,72953.58,36,4.0,1
4053,E,12204.18,17.94,0.2927,46247.13,36,3.0,1
4054,C,12877.71,15.31,0.2371,54045.18,36,1.0,0
4055,D,15390.06,15.99,0.3086,71074.08,36,0.0,1
4056,A,8662.62,3.75,0.1102,68401.02,60,4.0,0
4057,E,21038.17,21.48,0.3699,57001.25,36,3.0,0
4058,A,5757.63,8.12,0.0284,81914.91,60,6.0,0
4059,E,20984.24,18.95,0.254,35907.02,60,,0
4060,G,22427.19,25.24,0.4697,46927.31,36,,1
4061,B,6159.49,8.24,0.1507,89290.52,36,5.0,0
4062,B,11086.46,9.57,0.0743,47783.59,36,10.0,0
4063,D,15548.24,17.42,0.1706,63098.36,36,4.0,0
4064,B,9306.55,9.36,0.1013,50069.58,36,5.0,0
4065,E,13572.69,19.15,0.3001,68385.16,36,5.0,0
4066,A,6225.56,7.25,0.128,88214.3,60,4.0,0
4067,A,6959.72,4.53,0.0803,63622.2,36,1.0,0
4068,G,25678.33,27.55,,79773.32,60,1.0,1
4069,D,9226.51,15.07,0.2238,74919.26,36,1.0,0
4070,E,21645.31,19.65,0.3734,62724.72,36,9.0,0
4071,B,6685.16,8.33,0.3031,76711.0,36,2.0,0
4072,D,13960.07,15.42,0.2264,72710.68,36,11.0,0
4073,C,13563.46,11.43,0.2288,42078.44,36,9.0,1
4074,C,15959.99,14.02,0.2239,63502.94,60,7.0,0
4075,D,12279.92,14.4,0.2583,61897.43,36,8.0,0
4076,C,12965.36,10.89,0.2392,52797.55,60,0.0,0
4077,C,11322.17,15.18,0.2287,68366.31,60,,0
4078,B,9993.9,9.97,0.1217,87170.5,60,11.0,0
4079,D,13296.85,11.92,0.329,47408.16,60,0.0,0
4080,B,6856.65,7.65,0.1621,64020.36,36,3.0,0
4081,D,18564.72,12.78,0.2269,40229.46,60,0.0,1
4082,B,7499.0,7.07,0.2966,32834.2,60,6.0,0
4083,D,14803.64,10.79,,69020.78,60,1.0,0
4084,D,11565.31,15.29,0.2653,54536.79,36,5.0,0
4085,B,9534.11,6.79,0.1605,65856.43,36,8.0,0
4086,A,5098.47,5.09,0.0922,52238.07,60,1.0,1
4087,A,7885.4,3.0,0.1269,66660.94,60,8.0,0
4088,C,9872.25,12.12,0.1493,79738.69,60,0.0,0
4089,E,18058.94,18.38,0.3358,50014.78,60,,0
4090,A,10453.0,7.25,0.01,70525.31,36,3.0,0
4091,D,18433.08,17.62,0.1721,58735.51,36,9.0,0
4092,B,8799.77,9.68,0.2595,42745.12,60,10.0,0
4093,C,16760.21,11.51,0.1246,71248.57,36,2.0,0
4094,F,21750.26,25.48,0.2324,22406.43,60,1.0,1
4095,B,2587.32,6.17,0.0761,48086.92,60,10.0,0
4096,C,12469.46,9.89,,41114.13,36,7.0,0
4097,A,3195.71,4.87,0.01,66845.95,36,1.0,0
4098,A,6393.82,8.38,0.0427,63655.85,60,6.0,0
4099,B,4327.3,8.2,0.0625,64977.95,36,10.0,0
4100,A,6871.23,4.73,0.0836,53705.39,36,,0
4101,D,11283.5,13.34,0.2238,73098.92,60,1.0,0
4102,C,11425.5,13.42,0.1712,75012.5,60,2.0,0
4103,C,13847.61,13.43,0.3114,56871.36,60,7.0,1
4104,A,9021.51,6.18,0.0281,61389.4,36,1.0,0
4105,B,8352.13,7.56,0.1439,54571.57,36,9.0,1
4106,D,12072.81,14.44,0.2703,49417.39,60,8.0,1
4107,G,22120.04,24.06,0.3412,15000.0,36,6.0,1
4108,A,4619.14,5.13,0.1292,52727.07,36,1.0,1
4109,E,17953.04,17.38,0.276,65482.17,36,,1
4110,C,12860.73,10.23,0.2225,65432.62,36,5.0,0
4111,C,9545.08,11.36,0.1935,89416.94,36,4.0,0
4112,C,14056.72,11.27,0.077,54614.49,36,12.0,1
4113,A,8363.4,4.19,0.1784,63492.76,36,10.0,0
4114,A,3264.43,5.7,0.2242,62657.82,60,4.0,0
4115,C,12668.57,12.12,0.1894,54255.04,36,4.0,0
4116,B,6056.34,8.07,0.0961,53120.83,36,1.0,1
4117,F,20515.56,22.77,0.4404,49877.79,36,11.0,1
4118,B,6146.26,7.01,,65523.87,36,10.0,0
4119,A,3979.65,5.16,0.0899,60821.54,60,3.0,0
4120,D,9465.24,15.73,0.2369,77520.68,60,8.0,0
4121,B,7409.44,6.25,0.1452,99138.49,60,9.0,0
4122,C,12481.79,13.49,0.0995,80998.39,60,2.0,0
4123,D,14074.57,14.18,0.2325,65046.23,60,6.0,1
4124,F,19157.71,22.64,0.4529,58711.86,36,2.0,1
4125,E,16789.86,20.75,0.2899,83415.48,36,9.0,1
4126,D,10078.44,16.89,0.1876,68685.75,36,1.0,0
4127,D,16460.87,15.55,0.2798,44466.65,36,7.0,0
4128,F,20556.23,21.96,0.31,52060.91,60,3.0,0
4129,B,6947.04,9.92,0.146,76272.4,36,0.0,0
4130,A,5330.88,6.01,0.0239,52095.09,60,1.0,0
4131,B,11229.75,7.57,0.0878,59871.25,36,7.0,0
4132,B,9283.82,7.31,,84807.05,36,2.0,0
4133,D,13965.76,12.39,0.257,22177.13,36,7.0,0
4134,D,18099.68,15.73,0.2034,32492.29,60,4.0,0
4135,C,15567.46,11.88,0.2072,56824.67,60,8.0,0
4136,A,3742.52,6.7,0.0636,76366.23,60,5.0,0
4137,D,14577.24,16.04,0.203,30562.62,60,3.0,0
4138,B,9700.04,10.5,0.2198,62717.79,36,1.0,0
4139,D,14406.45,14.45,0.297,75767.83,36,3.0,0
4140,C,13632.92,13.71,0.1987,61235.73,60,7.0,0
4141,B,6309.97,7.71,0.1587,81903.6,60,8.0,0
4142,A,1817.23,6.17,0.0995,59341.95,36,1.0,0
4143,A,9822.97,3.0,0.1292,55421.5,36,7.0,0
4144,E,17964.25,19.35,0.252,65279.73,36,1.0,0
4145,F,20496.0,19.52,0.4018,51646.78,36,2.0,1
4146,D,16961.21,15.1,0.2712,33659.27,60,5.0,0
4147,A,7342.17,5.66,0.0842,55584.86,60,3.0,0
4148,B,11085.83,7.72,,93162.46,36,7.0,0
4149,D,10849.85,13.92,0.3005,38358.01,36,12.0,1
4150,D,15230.44,16.77,0.241,71817.92,60,1.0,0
4151,A,7767.68,4.84,0.0581,61392.64,60,6.0,1
4152,A,5789.58,4.27,0.0769,69942.83,36,11.0,0
4153,D,11775.08,15.56,0.2962,60302.67,60,1.0,0
4154,B,7054.25,12.46,0.0534,27182.34,60,3.0,0
4155,B,10995.95,10.23,0.1287,38671.09,36,1.0,0
4156,A,7133.04,6.74,0.1642,71553.99,60,7.0,0
4157,C,16418.7,12.65,0.1899,46962.46,36,7.0,0
4158,E,14380.54,19.25,0.3164,67938.46,36,7.0,1
4159,F,20702.69,18.91,0.4152,16089.82,36,6.0,1
4160,C,10912.8,10.98,0.2535,70174.59,36,8.0,1
4161,C,11289.72,11.28,0.1736,35228.02,36,0.0,0
4162,A,8656.91,3.0,0.0922,63662.11,60,12.0,0
4163,C,12554.56,10.26,0.2543,40841.2,36,2.0,1
4164,B,10940.15,5.53,0.2064,99243.74,60,1.0,0
4165,C,13330.73,11.94,0.1947,35889.14,60,11.0,0
4166,B,6983.06,9.73,0.1468,62802.93,36,10.0,0
4167,B,8066.16,10.16,0.1661,33916.95,36,9.0,0
4168,A,8598.95,5.62,0.182,98792.26,36,1.0,0
4169,B,8955.07,7.05,0.2141,72223.08,36,9.0,1
4170,A,1126.49,3.0,0.1416,72465.52,36,6.0,0
4171,A,6931.7,3.0,,96537.63,36,8.0,0
4172,G,20979.13,24.1,0.3835,42653.6,36,12.0,1
4173,C,11215.46,10.67,0.1867,63952.28,36,2.0,0
4174,C,12480.82,11.76,0.2851,62371.06,36,5.0,0
4175,E,13462.25,17.48,0.2857,60145.42,60,8.0,1
4176,G,19434.39,26.51,0.4752,31136.06,36,4.0,1
4177,C,7859.23,11.65,0.1658,56142.83,36,0.0,0
4178,E,19336.2,19.02,0.2705,64586.02,36,1.0,0
4179,B,11661.29,10.21,0.1789,69992.71,36,6.0,0
4180,B,10306.74,6.73,0.2441,62943.61,60,3.0,0
4181,B,7152.01,9.13,0.1373,39790.6,36,1.0,0
4182,D,15134.04,15.48,0.0962,81964.91,36,3.0,0
4183,D,16087.08,15.0,0.1561,43093.83,36,2.0,0
4184,B,10204.09,9.83,0.1679,82770.27,36,0.0,0
4185,A,8688.87,6.32,0.0115,73163.57,36,,0
4186,D,13974.9,14.08,0.1981,31717.89,36,10.0,0
4187,A,5177.29,4.73,0.1007,92540.96,36,0.0,0
4188,C,6895.15,12.42,0.053,64581.73,36,9.0,0
4189,D,17396.27,15.09,0.2272,79036.22,60,8.0,0
4190,D,14891.34,16.38,0.1801,51716.64,36,6.0,0
4191,D,18004.68,15.92,0.16,67672.92,36,2.0,0
4192,E,21950.15,21.75,0.2519,18274.51,60,10.0,0
4193,C,12836.03,9.7,0.1358,50996.11,60,5.0,0
4194,D,10504.68,15.32,0.2782,32086.12,60,1.0,1
4195,C,8264.4,10.64,0.2718,53253.89,60,,0
4196,A,3955.06,5.91,0.0781,78492.61,36,2.0,0
4197,A,8010.14,3.0,0.0642,59117.56,36,4.0,0
4198,B,10896.39,9.02,0.1251,80549.16,60,5.0,0
4199,C,7016.58,11.05,0.1335,44580.97,60,3.0,1
4200,C,12843.71,10.9,0.1227,75934.26,36,,0
4201,E,12905.1,16.83,0.2013,73575.63,36,11.0,0
4202,A,10909.69,4.3,0.0202,88243.47,60,3.0,0
4203,A,6985.51,6.63,0.1979,63804.6,36,3.0,0
4204,G,19343.05,25.96,0.3586,15000.0,60,8.0,1
4205,A,6937.06,5.94,0.01,80479.01,36,5.0,0
4206,C,10041.78,14.5,0.1648,57745.78,60,4.0,1
4207,C,13617.28,12.4,0.1046,42388.93,36,9.0,0
4208,C,11685.95,11.16,0.2036,49986.98,36,11.0,0
4209,A,5426.83,5.7,0.0971,95819.66,36,,0
4210,A,6819.08,4.18,0.1034,49527.88,36,2.0,0
4211,A,8905.08,4.24,0.0976,78429.57,36,,0
4212,C,10079.31,9.72,0.1776,63923.25,60,5.0,1
4213,C,11309.28,13.39,0.1126,53567.02,36,4.0,0
4214,B,13411.29,7.92,0.1455,76601.59,36,2.0,0
4215,D,11900.0,15.77,0.3111,84380.41,36,5.0,0
4216,E,18806.7,17.45,0.4088,44672.51,60,4.0,1
4217,A,8961.93,5.65,0.0857,65622.74,36,,0
4218,C,11964.75,10.86,0.1922,71197.17,60,11.0,0
4219,D,12383.55,15.29,0.28,71528.37,60,10.0,0
4220,B,10285.44,9.82,0.2396,62701.27,60,8.0,0
4221,B,4530.84,9.69,0.1208,59503.27,36,4.0,0
4222,C,14468.92,11.97,0.2416,20082.36,60,4.0,0
4223,E,18105.81,16.35,0.2506,35995.84,36,8.0,1
4224,E,14011.95,23.49,0.3198,29492.39,36,6.0,0
4225,C,14762.62,14.62,0.2582,72323.25,36,6.0,0
4226,D,6690.31,16.58,0.1725,50609.75,36,,0
4227,B,1688.16,7.37,0.1185,59905.61,36,6.0,0
4228,D,17215.67,15.33,0.3073,54836.99,36,11.0,1
4229,C,12492.11,11.18,0.237,44336.82,36,1.0,0
4230,A,3872.71,6.9,0.1622,97958.45,36,,0
4231,D,11509.17,15.89,0.3009,78367.49,60,5.0,0
4232,C,3376.19,10.82,0.1795,89125.92,60,7.0,0
4233,B,9356.02,7.79,0.282,77301.51,60,,0
4234,F,21632.61,24.18,0.3582,44469.39,36,10.0,1
4235,A,9339.78,7.4,,99065.13,36,0.0,0
4236,B,11818.94,10.79,0.1331,52742.6,36,10.0,0
4237,A,10426.51,6.14,0.0718,54318.24,36,0.0,0
4238,D,16796.27,15.12,0.2977,44172.79,60,1.0,1
4239,D,10442.46,10.64,0.2229,64411.68,36,9.0,0
4240,B,11428.57,8.95,0.2159,51282.11,60,10.0,0
4241,D,18487.93,15.5,,52203.29,60,12.0,1
4242,B,4426.1,8.71,0.09,36166.6,60,1.0,0
4243,D,11680.18,15.58,0.2416,63659.76,60,5.0,0
4244,C,9160.71,10.01,0.1535,32692.14,36,,0
4245,B,11262.58,9.34,0.1611,48221.1,36,,0
4246,F,13434.25,23.45,0.3031,66909.01,60,1.0,0
4247,B,5581.08,9.52,0.1545,86245.73,36,0.0,0
4248,A,2650.94,6.42,0.0837,76737.64,36,11.0,0
4249,C,13547.16,12.91,0.1909,64961.94,36,1.0,0
4250,G,21048.87,25.38,0.5231,30442.73,60,,1
4251,B,11807.74,8.39,0.1284,51087.73,36,7.0,0
4252,A,3161.36,5.14,0.01,63479.65,60,2.0,0
4253,B,5166.77,8.66,0.2109,37754.22,36,12.0,0
4254,C,13268.35,13.5,0.2605,64544.07,60,3.0,0
4255,A,7152.65,5.97,0.01,70878.96,60,,0
4256,D,16224.01,18.62,0.2079,38198.42,36,11.0,0
4257,G,23208.59,29.31,0.4261,68236.27,36,11.0,1
4258,C,12115.67,12.12,0.2315,70924.45,60,8.0,0
4259,B,11858.12,3.0,0.1497,77453.15,60,2.0,0
4260,B,9290.12,10.36,0.1511,56227.88,60,1.0,0
4261,A,1000.0,4.19,,69976.06,36,6.0,0
4262,E,17644.61,17.8,0.156,61292.71,36,3.0,0
4263,B,6893.48,7.9,0.273,67750.08,36,10.0,0
4264,B,7646.26,7.83,0.0919,93834.21,36,8.0,0
4265,D,11656.59,16.42,0.2606,51331.82,60,2.0,0
4266,C,5643.71,9.66,,50917.91,36,,0
4267,D,10398.81,13.88,0.3038,66416.55,60,2.0,0
4268,A,6801.77,5.51,0.1069,47236.35,36,6.0,0
4269,E,17623.36,19.93,0.3092,66637.34,36,0.0,0
4270,F,19157.16,23.46,0.1919,21587.19,60,7.0,0
4271,D,15492.32,14.32,0.2,66494.52,60,,0
4272,F,20832.25,21.03,,33331.08,60,1.0,1
4273,A,5117.7,4.24,,78578.51,60,,0
4274,C,9579.79,12.36,0.1429,76332.17,60,6.0,1
4275,C,9756.53,14.23,0.1053,62761.58,60,,0
4276,C,17254.11,8.93,0.2076,38406.82,60,,0
4277,B,12740.83,8.17,0.01,48858.05,60,1.0,0
4278,B,11591.29,6.5,0.0811,51884.14,36,4.0,0
4279,A,4075.62,3.0,0.2056,35889.88,60,10.0,0
4280,B,15618.68,9.95,0.2367,85294.6,36,,1
4281,A,5577.77,5.82,0.1292,71981.94,36,4.0,0
4282,D,16815.22,16.17,0.2684,34560.68,36,,0
4283,B,8817.09,9.88,0.033,91202.15,60,7.0,0
4284,A,3448.82,4.28,0.0556,57376.09,36,0.0,0
4285,C,13663.35,11.35,0.1823,64510.3,60,4.0,1
4286,C,14622.03,15.28,0.1568,45145.13,36,3.0,0
4287,E,16346.3,18.63,,15000.0,36,7.0,1
4288,C,15207.21,13.1,0.278,35440.07,36,6.0,0
4289,B,6675.86,8.51,,56927.17,36,7.0,0
4290,E,22029.27,16.23,0.2795,66169.34,60,7.0,0
4291,C,11892.67,8.93,0.2444,66237.6,60,2.0,1
4292,A,5289.93,4.13,,72523.69,36,2.0,0
4293,C,13296.12,13.58,0.1496,23819.5,36,4.0,0
4294,F,16648.0,23.68,0.3057,67861.55,36,2.0,1
4295,B,9052.58,9.87,0.1533,69026.23,60,7.0,0
4296,B,10321.48,7.02,0.1293,62850.48,36,6.0,0
4297,A,12509.93,7.42,0.0812,90383.62,36,2.0,0
4298,A,9984.35,3.55,0.0601,92454.94,36,10.0,0
4299,C,11395.41,12.32,0.1358,80782.62,60,5.0,1
4300,C,12206.86,11.98,0.2365,55552.44,36,1.0,0
4301,A,7547.07,4.74,0.0797,51937.42,36,2.0,0
4302,F,20251.35,24.51,0.3871,62800.61,60,,0
4303,D,11682.36,14.44,0.1833,30429.02,60,3.0,0
4304,C,7909.69,9.98,0.1601,95050.62,60,10.0,1
4305,E,21455.37,19.03,0.2867,50503.99,36,5.0,1
4306,A,9738.79,4.4,0.0923,50904.08,36,11.0,0
4307,C,12520.18,17.07,0.2453,37826.37,60,1.0,0
4308,D,12892.7,16.51,0.2242,32003.11,36,7.0,1
4309,E,13641.76,18.39,0.3448,52526.53,36,10.0,1
4310,E,14061.03,17.42,0.3225,49884.94,36,3.0,1
4311,B,10737.22,5.68,0.1436,42753.4,60,,1
4312,F,23555.01,20.96,0.2929,38583.8,60,4.0,0
4313,A,5344.96,5.17,0.1454,45377.16,60,12.0,0
4314,E,8298.99,21.14,,60607.43,36,7.0,0
4315,G,24377.83,27.68,0.3987,39017.32,36,7.0,0
4316,A,3059.77,5.34,0.0968,63188.75,36,7.0,0
4317,D,12642.33,15.02,0.2376,31814.01,36,0.0,0
4318,A,7634.26,5.4,0.0766,64597.2,60,4.0,0
4319,B,9765.57,7.72,,57534.9,36,0.0,0
4320,C,11812.57,14.58,0.103,65719.08,36,3.0,0
4321,C,17878.2,11.72,0.2842,63006.32,60,9.0,0
4322,F,15813.67,22.37,,59257.08,36,7.0,1
4323,D,12336.58,12.18,0.2423,46277.62,60,12.0,0
4324,C,13175.24,11.71,0.1919,26512.59,60,1.0,0
4325,E,15580.34,20.25,0.3657,67839.67,60,4.0,0
4326,F,23015.43,20.9,0.466,28151.41,60,,1
4327,A,5292.9,3.87,0.1096,50075.49,60,2.0,0
4328,G,19570.43,27.19,0.3906,39223.9,36,1.0,0
4329,A,4035.79,3.0,0.0326,75440.87,36,4.0,0
4330,E,13288.34,20.59,0.2134,40444.94,60,,1
4331,B,8907.94,7.7,0.0436,55303.53,36,12.0,0
4332,A,4755.56,4.42,0.0522,62961.53,60,4.0,0
4333,C,15426.15,10.31,0.0745,85497.73,36,10.0,0
4334,D,15479.51,16.07,0.3147,54951.79,36,,1
4335,B,9857.91,12.19,0.1754,47576.67,36,1.0,1
4336,A,9940.48,6.17,0.0849,52759.9,36,8.0,0
4337,C,10253.25,10.7,0.2666,55484.08,60,2.0,0
4338,F,18157.78,24.2,0.2857,49281.44,60,1.0,0
4339,B,5555.72,8.02,0.1008,73711.64,36,10.0,0
4340,B,6316.67,10.56,0.034,67234.85,60,3.0,0
4341,C,8759.61,13.21,0.2465,44846.28,36,3.0,0
4342,A,5402.68,3.0,0.0514,62369.06,60,3.0,0
4343,E,21136.42,17.49,0.3009,63210.34,60,2.0,1
4344,E,20368.88,20.42,0.3602,29370.34,36,4.0,1
4345,C,9963.51,12.23,,51616.44,36,4.0,0
4346,B,5580.52,6.96,0.1483,75754.33,60,4.0,0
4347,E,15663.7,18.05,0.3231,65755.07,60,11.0,1
4348,C,8262.71,9.14,0.1458,56527.52,60,3.0,0
4349,E,19396.71,18.87,0.401,42598.28,60,,1
4350,D,16601.23,18.82,0.24,31201.88,60,1.0,0
4351,E,19352.66,20.21,0.3048,59461.52,36,8.0,0
4352,C,16120.38,15.29,0.1756,83738.03,60,6.0,0
4353,B,12285.6,9.82,0.222,111172.77,36,12.0,0
4354,F,22545.91,24.04,0.362,51956.03,36,8.0,1
4355,C,9730.88,14.96,0.2457,59084.17,60,2.0,0
4356,C,9851.49,12.57,0.2212,43443.41,36,1.0,1
4357,B,14515.26,8.22,0.1368,31180.58,36,5.0,1
4358,D,14762.64,17.05,0.3058,58185.27,60,7.0,0
4359,C,13258.09,14.18,0.2207,102306.1,36,1.0,0
4360,A,3614.2,4.28,0.0423,92874.62,60,6.0,0
4361,A,5507.41,3.92,0.0406,90098.16,60,10.0,0
4362,C,15010.68,12.21,0.2089,64420.85,36,8.0,0
4363,D,12903.93,16.75,0.3044,61471.42,36,7.0,1
4364,C,14010.08,13.2,0.2984,16372.55,60,9.0,0
4365,B,11674.92,6.36,0.0434,78725.19,36,1.0,0
4366,D,13551.35,18.37,0.2515,44571.87,36,2.0,1
4367,A,6685.98,4.04,0.1294,57368.91,60,0.0,0
4368,C,16963.29,11.6,0.2177,54181.37,60,,0
4369,A,2004.86,3.65,0.1606,63573.92,36,11.0,0
4370,A,6207.38,9.05,0.1393,57082.56,60,2.0,0
4371,B,11441.41,8.86,0.0909,65249.7,60,7.0,0
4372,B,4899.06,7.22,0.0891,54951.0,36,8.0,0
4373,A,1953.98,6.3,0.1187,71805.81,60,7.0,0
4374,B,10207.8,9.65,0.2094,38230.8,36,6.0,0
4375,C,12872.01,11.72,0.2086,56146.96,36,5.0,0
4376,C,16532.35,13.26,0.1053,40266.68,60,4.0,1
4377,B,10445.55,7.26,0.0872,53453.91,60,11.0,0
4378,E,16792.75,18.26,0.3415,52581.18,36,0.0,0
4379,A,4352.3,3.0,0.0791,41128.04,60,0.0,0
4380,C,12016.39,10.01,0.2071,45196.67,36,,1
4381,A,6580.64,7.71,0.1639,80241.36,36,3.0,0
4382,A,2382.63,7.46,0.0279,44562.8,36,4.0,0
4383,C,7889.22,12.1,,92001.61,36,12.0,0
4384,C,10880.44,14.49,0.1686,81679.34,36,9.0,0
4385,E,13974.94,18.76,,41098.51,60,10.0,1
4386,C,10367.82,11.63,0.2464,45830.23,36,3.0,0
4387,F,16006.74,22.58,0.2612,48634.92,36,2.0,1
4388,A,6568.76,4.81,0.0997,43945.68,60,9.0,0
4389,A,4767.0,4.68,,33961.43,36,,0
4390,A,10286.38,6.72,0.01,61731.97,60,6.0,0
4391,A,2261.11,5.23,0.0961,67587.12,36,11.0,0
4392,C,15304.36,13.07,0.1271,61699.69,36,12.0,0
4393,D,8730.09,17.05,0.2115,43934.67,60,5.0,0
4394,A,9131.2,5.58,0.01,92931.04,36,2.0,0
4395,F,16941.72,21.04,0.4336,18087.49,36,,1
4396,E,19230.51,16.97,0.2787,29511.28,36,12.0,0
4397,B,6681.76,8.72,0.1016,73759.45,36,3.0,0
4398,A,10562.51,4.74,0.1197,49090.35,60,6.0,1
4399,A,5985.61,5.13,0.0375,48394.23,36,8.0,0
4400,A,4982.35,4.98,0.0318,72220.39,36,2.0,0
4401,A,11430.75,8.88,0.1906,51036.59,36,6.0,0
4402,C,10733.81,10.0,0.3085,57604.48,36,3.0,0
4403,B,14195.1,5.52,0.1145,52402.58,60,10.0,0
4404,B,6242.18,9.0,0.214,49490.05,60,8.0,0
4405,G,22943.15,25.44,,15000.0,36,9.0,1
4406,D,15988.43,15.97,0.1652,57512.14,36,2.0,0
4407,F,15834.08,23.38,0.2943,22550.58,36,0.0,0
4408,A,5126.12,6.93,0.1931,66971.64,36,,0
4409,B,11326.36,6.24,0.0644,55782.11,36,4.0,0
4410,C,14657.52,11.16,0.3369,56282.85,36,1.0,0
4411,A,9202.87,5.64,0.0657,67305.84,60,1.0,0
4412,A,4110.24,6.16,0.1948,73485.31,36,5.0,0
4413,D,15356.77,18.79,0.2317,41900.33,60,1.0,0
4414,D,10415.35,16.93,,77368.54,36,6.0,0
4415,B,10217.21,8.41,0.2337,31746.8,60,8.0,0
4416,C,12794.39,10.66,0.2834,55921.36,60,5.0,1
4417,B,8368.62,7.65,0.1149,80052.16,36,11.0,0
4418,A,7114.16,4.11,0.0486,78581.91,60,1.0,0
4419,B,9507.09,9.48,0.1451,47452.96,36,5.0,1
4420,A,5170.66,5.39,0.022,55451.58,60,1.0,0
4421,A,11072.74,3.01,0.1144,51877.73,60,10.0,0
4422,F,20773.6,21.85,0.3008,55786.1,36,11.0,1
4423,C,10030.56,13.32,0.265,46681.37,60,4.0,0
4424,D,14455.1,16.03,0.2158,59592.22,36,3.0,0
4425,B,9318.69,9.35,0.0455,69757.43,36,2.0,0
4426,B,3326.79,9.07,0.2341,107631.08,36,10.0,0
4427,B,9614.18,10.94,,70638.52,36,7.0,0
4428,A,6237.72,5.35,0.1017,55399.41,60,10.0,0
4429,A,7101.11,4.42,0.1657,43717.3,36,1.0,0
4430,E,18334.18,17.63,0.3523,45034.65,60,5.0,1
4431,D,12297.37,15.87,0.2043,52856.45,36,7.0,0
4432,C,12205.25,8.34,0.173,20207.41,60,11.0,0
4433,C,17881.99,11.72,0.1332,47150.63,36,4.0,0
4434,F,20217.53,22.19,0.2621,50352.35,36,3.0,1
4435,A,5420.16,3.0,0.1347,60417.6,60,11.0,0
4436,B,10462.91,7.11,0.1735,82435.23,60,0.0,0
4437,B,2745.01,9.71,0.1956,36949.58,60,5.0,0
4438,E,11095.35,19.35,0.3769,62183.89,36,4.0,0
4439,G,18255.36,26.15,0.4465,56450.02,36,1.0,0
4440,B,4427.31,8.96,0.2018,82216.94,36,4.0,0
4441,E,19086.83,19.14,0.1753,21814.59,36,8.0,1
4442,E,15161.81,20.86,0.2816,55661.95,36,3.0,0
4443,B,5304.01,8.69,0.2079,52962.43,36,3.0,0
4444,B,9326.79,6.31,,39689.44,36,9.0,1
4445,B,12822.46,10.95,0.1555,57550.38,60,12.0,1
4446,G,22084.19,26.56,0.4312,23710.4,60,9.0,1
4447,A,5954.02,4.12,0.1266,86573.51,36,10.0,0
4448,E,19272.71,17.12,0.3221,59235.14,36,11.0,0
4449,B,9540.16,9.09,0.1859,44256.0,36,9.0,0
4450,D,11689.48,15.32,0.2608,41964.02,36,12.0,0
4451,C,12312.32,14.36,0.1122,53147.45,60,8.0,0
4452,C,14887.8,11.48,0.2304,58696.71,60,,0
4453,E,18846.6,17.74,0.3171,68114.81,60,8.0,0
4454,E,17693.94,20.34,0.213,62434.08,36,,1
4455,E,21495.07,20.39,0.3828,50925.06,60,7.0,1
4456,A,3514.82,5.25,0.132,65308.32,36,9.0,0
4457,D,10156.31,16.51,0.1672,23079.63,60,2.0,0
4458,A,12743.45,4.94,0.051,93255.96,36,,0
4459,B,5168.93,8.85,0.1162,56952.26,36,4.0,0
4460,C,15870.71,13.75,0.1661,87987.12,36,1.0,1
4461,B,10099.34,9.44,0.1676,68529.97,36,9.0,1
4462,C,10612.81,11.75,0.1414,96455.12,36,3.0,0
4463,G,21384.46,28.03,0.4677,50913.79,60,2.0,1
4464,A,5480.69,3.0,,44223.65,36,2.0,0
4465,D,17583.05,18.58,0.2872,43940.52,60,0.0,1
4466,B,11589.97,5.94,0.1527,61955.57,60,1.0,0
4467,A,5641.62,4.06,0.1562,54271.91,60,6.0,0
4468,A,8498.96,4.94,0.0834,63212.91,36,10.0,0
4469,F,21324.37,22.28,0.3065,20395.1,60,4.0,1
4470,E,16697.5,20.51,0.3714,50102.98,36,7.0,1
4471,F,14412.03,20.91,0.3691,49273.42,36,9.0,1
4472,G,23837.2,26.39,0.359,21926.03,60,3.0,0
4473,B,9245.09,7.63,0.1249,99924.58,36,7.0,0
4474,B,3374.52,8.94,0.1058,66143.24,60,3.0,0
4475,D,14715.26,15.4,0.3713,40298.66,36,7.0,0
4476,C,16912.03,12.14,0.2002,30668.29,36,2.0,0
4477,B,5301.39,7.68,0.1595,66078.97,36,,0
4478,B,9743.99,7.73,0.1933,60311.21,60,0.0,0
4479,C,10077.15,12.43,0.1271,74094.74,60,5.0,0
4480,C,10817.04,13.42,0.2658,57419.34,36,,0
4481,A,6367.55,4.1,0.0635,48513.06,36,,0
4482,C,10547.46,10.7,0.3098,90072.93,36,4.0,0
4483,C,9810.12,12.92,0.1812,67841.25,36,3.0,1
4484,C,10180.96,11.95,0.2623,55426.04,60,2.0,0
4485,B,8184.96,9.75,0.01,67963.49,60,2.0,0
4486,D,16118.71,14.14,,63532.76,60,9.0,1
4487,A,6481.24,3.0,0.0824,44280.58,36,,0
4488,B,7949.13,7.7,0.0282,67838.5,36,9.0,1
4489,E,14638.25,17.85,,41897.78,36,5.0,1
4490,C,7940.49,11.88,0.2188,69131.4,36,0.0,0
4491,B,13492.55,7.54,0.0906,51676.73,36,1.0,0
4492,D,12379.61,16.61,0.249,44115.37,60,11.0,1
4493,C,6175.1,11.57,0.2484,89931.68,36,6.0,0
4494,E,16296.06,19.23,0.1738,72156.42,36,2.0,1
4495,D,16911.56,15.74,0.1736,15000.0,36,8.0,1
4496,C,12435.71,12.29,,80821.72,60,9.0,0
4497,C,6492.17,11.96,0.2014,58674.26,60,3.0,0
4498,A,6248.08,5.77,0.0965,57252.72,36,6.0,0
4499,B,6904.78,7.31,0.2034,46870.85,60,3.0,0
4500,B,12330.08,10.6,0.1786,47915.88,36,1.0,0
4501,C,15110.97,11.65,0.2418,47761.15,36,4.0,1
4502,C,11172.11,10.03,0.1166,39711.61,36,,0
4503,B,5327.68,8.78,0.1587,40617.21,36,4.0,0
4504,A,6532.75,3.72,0.0816,51273.16,36,4.0,0
4505,C,7394.27,13.0,0.2877,65821.09,60,,0
4506,B,5139.76,11.81,0.1605,65901.62,36,4.0,0
4507,D,11439.74,14.32,0.2099,65005.42,36,3.0,1
4508,A,5372.47,5.5,,68805.34,36,6.0,0
4509,C,13626.46,9.37,0.2338,36479.77,60,0.0,0
4510,F,19308.14,23.18,0.3007,53899.94,60,9.0,0
4511,A,2134.03,3.67,0.0791,51915.59,36,1.0,0
4512,C,9524.66,11.06,0.1801,71639.06,36,7.0,0
4513,A,9925.57,3.35,0.1736,49013.44,36,4.0,0
4514,D,11757.13,16.6,0.2622,42625.42,36,9.0,0
4515,C,16035.21,13.51,0.2436,53494.95,36,,0
4516,B,8745.26,8.54,0.1204,77139.29,36,,0
4517,C,20732.65,10.7,0.2201,63167.95,60,7.0,0
4518,E,14888.61,21.38,0.3782,50360.02,36,2.0,1
4519,A,9773.45,3.87,0.0783,103942.04,60,1.0,0
4520,A,8748.94,3.0,0.1069,36934.3,60,11.0,0
4521,E,12027.32,19.69,0.2182,31309.2,36,1.0,1
4522,C,9505.58,10.34,0.1541,40538.61,60,2.0,0
4523,E,13873.3,20.48,0.2799,18128.26,36,1.0,0
4524,C,14199.34,11.43,0.1363,47048.65,60,,1
4525,E,21497.4,19.91,0.3793,62379.84,36,11.0,0
4526,C,16258.42,14.1,0.1497,49350.35,36,2.0,0
4527,D,9617.95,13.69,0.2972,49005.95,36,6.0,0
4528,F,20869.44,21.65,0.3612,15000.0,36,4.0,1
4529,C,10020.61,11.89,0.2019,45662.54,36,3.0,0
4530,A,6325.69,7.31,0.1892,61689.42,36,6.0,0
4531,B,6181.8,7.51,0.0144,76563.21,36,6.0,0
4532,A,7909.46,4.11,0.0882,39851.5,60,3.0,0
4533,B,7188.63,9.22,0.0852,56809.84,36,10.0,0
4534,B,6080.5,7.63,,84562.72,36,0.0,0
4535,C,11900.36,12.23,0.1283,51988.5,36,1.0,0
4536,C,12167.51,9.67,0.201,21919.89,36,,1
4537,C,9425.43,15.32,0.1565,83025.16,60,,0
4538,C,11086.91,9.98,0.2538,73228.14,36,9.0,0
4539,A,6327.11,4.52,0.0872,85649.15,60,6.0,0
4540,A,9376.55,4.95,0.0805,38611.89,36,4.0,0
4541,A,6511.23,7.87,0.0808,97224.2,36,7.0,0
4542,C,11116.71,10.01,,46081.03,60,1.0,0
4543,B,9181.17,11.48,0.1249,55830.1,36,,0
4544,B,6207.67,9.64,0.0989,52350.01,36,6.0,0
4545,B,6058.36,9.13,0.2094,82044.87,36,12.0,0
4546,E,19510.71,17.52,0.2626,46763.63,36,7.0,1
4547,A,5466.72,5.86,0.077,78671.34,36,1.0,0
4548,D,10450.4,14.41,0.2758,56366.22,36,5.0,0
4549,D,10109.73,17.4,0.2691,53289.24,36,0.0,0
4550,E,11160.45,17.54,0.2464,32957.89,60,8.0,0
4551,F,18962.09,22.33,0.3953,77618.53,60,5.0,1
4552,A,5771.35,4.17,0.1323,43658.91,60,3.0,0
4553,A,7543.98,3.52,,77420.57,60,12.0,0
4554,E,19798.19,20.11,,56779.82,60,11.0,1
4555,C,5373.0,12.8,0.1756,80778.41,60,12.0,1
4556,C,8234.25,13.81,0.1879,84985.62,36,2.0,0
4557,D,11649.73,12.83,0.1761,52527.01,36,8.0,0
4558,D,11406.47,17.1,0.2476,64547.1,36,11.0,0
4559,F,15611.23,26.26,0.4035,76767.73,36,6.0,1
4560,G,21900.53,25.32,0.4526,38826.82,36,2.0,0
4561,D,14227.83,18.34,0.2271,35804.2,36,9.0,1
4562,B,3613.62,8.11,0.2138,58079.57,36,,0
4563,E,17761.95,16.94,0.4144,26516.37,60,,0
4564,A,7447.83,4.54,,76692.7,60,3.0,0
4565,B,13146.56,10.07,0.1915,84160.21,60,2.0,1
4566,E,17146.73,17.74,0.1642,47821.25,36,7.0,0
4567,B,10156.44,7.6,0.0745,35822.72,60,5.0,0
4568,B,15346.34,9.39,0.1555,83389.72,60,,0
4569,A,7097.16,5.0,0.0396,38026.62,60,1.0,0
4570,E,16243.69,19.88,0.4224,22172.81,60,1.0,1
4571,C,12042.1,12.36,0.2359,56789.91,36,,1
4572,D,14075.24,16.22,0.3079,59532.13,36,2.0,1
4573,B,13631.48,7.85,0.1483,72600.45,60,6.0,0
4574,D,10145.06,15.85,0.1898,53809.49,36,,1
4575,D,14320.78,14.11,0.2189,86680.79,36,7.0,0
4576,B,8910.3,10.43,0.1653,66173.03,36,,0
4577,B,6036.99,7.55,0.1117,83624.03,36,2.0,0
4578,B,3595.39,10.19,,79165.18,60,11.0,0
4579,G,20057.86,25.65,,16728.27,36,9.0,1
4580,D,8229.27,15.8,0.2503,51944.85,36,7.0,1
4581,F,18589.76,21.76,0.2405,83219.77,60,11.0,0
4582,B,9493.58,6.98,0.2529,55921.68,36,2.0,0
4583,E,13602.89,16.38,0.2872,37856.83,60,4.0,1
4584,D,11144.11,13.92,0.4126,58070.36,36,,0
4585,D,16710.86,15.01,0.2892,46566.64,60,4.0,0
4586,G,19371.15,26.32,0.3874,25713.32,36,5.0,1
4587,B,6854.49,10.02,0.1769,56300.9,36,,0
4588,A,6260.09,4.33,0.01,95776.17,36,0.0,0
4589,D,19497.18,14.18,0.3116,52540.86,60,0.0,1
4590,D,14161.86,13.34,0.404,31094.65,36,4.0,0
4591,C,12909.24,12.72,0.0746,32788.56,36,2.0,1
4592,B,8036.55,10.57,0.1328,104722.49,60,8.0,0
4593,C,11010.83,13.9,,55979.98,36,7.0,0
4594,B,4415.91,9.56,0.2025,72822.41,60,3.0,0
4595,C,10292.39,12.96,0.3264,46115.21,60,0.0,0
4596,D,15522.94,18.05,0.273,60777.75,36,,1
4597,D,14810.68,16.0,0.3785,81267.93,36,8.0,0
4598,B,9793.26,9.47,0.1602,53259.26,60,12.0,0
4599,B,10209.6,8.02,0.1771,73254.56,36,,0
4600,B,10263.07,6.46,0.1697,39696.57,36,9.0,0
4601,A,6053.85,3.97,0.1732,106411.59,60,10.0,0
4602,E,13606.01,18.99,0.2747,54833.65,36,0.0,0
4603,F,15071.35,22.59,,37569.71,60,11.0,1
4604,B,9844.58,11.39,0.0762,59638.27,36,5.0,0
4605,D,8671.43,15.62,0.2329,45819.31,60,12.0,1
4606,E,20770.68,20.77,,41739.71,36,5.0,0
4607,E,14266.06,18.35,0.3053,15000.0,36,2.0,1
4608,A,5953.82,4.53,0.081,68236.62,60,,0
4609,F,12757.77,20.51,0.4179,42482.18,36,2.0,1
4610,B,6304.27,7.39,0.0973,73795.91,36,10.0,0
4611,B,13230.72,9.29,0.0461,55583.41,60,1.0,0
4612,A,8353.37,5.01,,56121.35,60,7.0,0
4613,C,6891.86,13.41,0.2597,59860.05,36,4.0,0
4614,A,2817.58,5.27,0.0418,40977.37,36,,0
4615,B,8921.03,7.97,0.1739,67581.62,60,2.0,0
4616,B,5476.28,11.72,,31487.25,36,,0
4617,E,16464.57,18.86,,70174.74,60,,1
4618,E,17409.72,20.74,0.2862,62316.86,36,12.0,0
4619,B,8860.04,7.9,0.3159,48328.65,60,3.0,0
4620,E,13872.44,20.06,0.4139,61900.48,36,4.0,0
4621,E,19564.23,20.39,0.2811,52007.26,36,5.0,0
4622,D,10142.02,15.81,0.2229,36837.82,36,2.0,0
4623,A,4111.99,3.0,0.2879,33588.23,36,9.0,0
4624,D,16215.11,15.53,0.1853,60695.84,36,1.0,0
4625,F,15106.58,24.35,0.3467,30702.93,36,8.0,1
4626,D,15391.39,16.29,,74709.45,60,5.0,0
4627,B,5295.37,9.17,,65252.61,36,2.0,0
4628,C,11228.06,9.42,0.0957,47407.51,60,5.0,1
4629,D,17901.97,14.42,0.2798,87361.1,36,9.0,0
4630,C,6829.24,12.62,0.1418,70376.04,60,4.0,0
4631,A,4253.51,5.62,0.1862,15000.0,60,1.0,0
4632,B,8723.02,10.32,0.0626,56244.95,60,0.0,0
4633,E,12899.91,18.78,0.3036,25086.4,36,9.0,0
4634,E,20317.81,19.61,0.167,35603.64,60,3.0,0
4635,A,8750.48,5.02,0.01,67394.82,36,11.0,1
4636,F,19762.34,21.02,0.2996,51372.87,36,6.0,1
4637,B,11746.33,5.12,0.1081,69704.58,60,4.0,0
4638,D,11556.46,16.15,0.3379,74401.72,36,6.0,1
4639,D,17466.25,15.76,0.2476,66458.77,36,4.0,1
4640,E,20361.92,18.07,0.3775,60345.44,36,11.0,1
4641,F,18469.89,20.07,0.3272,48626.86,36,4.0,1
4642,B,9943.44,9.44,0.1864,88162.38,36,1.0,0
4643,E,18200.57,18.6,0.2565,44307.02,60,6.0,1
4644,A,4741.06,5.84,0.0524,64774.54,36,7.0,0
4645,D,14870.88,18.3,0.1407,20699.68,60,9.0,1
4646,D,16137.61,12.29,0.2701,74010.95,60,11.0,0
4647,D,14078.32,14.45,0.2657,53615.34,36,4.0,0
4648,B,14176.93,8.19,0.1966,117804.9,60,3.0,0
4649,E,21360.19,21.18,0.3129,42700.41,60,5.0,1
4650,A,4082.81,3.0,0.2216,71594.41,36,11.0,0
4651,A,7483.18,7.9,0.1106,79837.09,36,12.0,0
4652,D,13721.14,15.7,0.3095,35165.8,60,12.0,0
4653,C,13048.45,11.86,,66453.86,60,2.0,0
4654,E,20382.63,18.7,0.2455,50623.91,60,5.0,0
4655,B,10044.39,7.85,0.1931,59533.61,36,2.0,0
4656,A,9183.9,6.57,0.0947,91106.87,36,,0
4657,E,14484.04,17.4,0.3499,33732.52,36,0.0,1
4658,C,10555.09,12.52,0.2212,64948.24,60,1.0,0
4659,A,5885.13,4.42,0.0524,96183.96,60,4.0,0
4660,D,19982.03,14.36,,42280.81,36,,0
4661,C,10152.65,15.88,0.1477,54656.05,60,2.0,1
4662,C,15417.0,12.63,0.2375,102215.48,36,,0
4663,C,11588.05,12.92,0.2769,68539.04,60,8.0,0
4664,E,17324.91,20.71,0.2769,40888.45,36,3.0,1
4665,E,20587.68,16.87,0.3694,64447.25,60,8.0,0
4666,D,13429.94,18.13,0.2739,44774.32,36,,0
4667,A,9317.81,3.0,0.1511,41831.51,36,9.0,0
4668,E,18341.98,17.85,0.2498,74702.55,36,1.0,1
4669,D,14101.92,14.81,0.2629,35144.93,60,1.0,0
4670,D,15323.96,16.37,0.1655,99130.83,60,7.0,0
4671,B,10084.82,8.83,0.2527,56192.02,36,11.0,0
4672,E,16991.12,18.75,0.1792,88398.76,60,1.0,0
4673,D,18736.45,15.48,0.2287,30363.92,60,0.0,0
4674,A,5043.18,3.53,0.0441,88458.88,60,11.0,0
4675,B,10430.27,6.25,0.1905,73995.07,36,,1
4676,E,17233.52,20.09,0.4154,65079.43,36,2.0,0
4677,A,10008.98,6.04,0.1393,87424.41,36,11.0,0
4678,G,22996.11,28.38,0.5777,31040.59,36,,1
4679,D,14033.63,14.31,0.1673,31440.81,60,3.0,0
4680,D,10332.97,16.54,0.1719,54083.48,36,12.0,0
4681,B,5726.59,8.07,0.0964,69014.54,36,6.0,0
4682,B,3315.69,10.29,0.1573,56506.8,36,,0
4683,F,22409.02,24.03,0.2884,49995.97,36,8.0,1
4684,B,7334.11,8.82,0.1049,70933.26,60,5.0,0
4685,D,17747.97,14.99,0.2872,38619.52,60,6.0,0
4686,B,3850.96,9.94,0.0756,72109.48,36,12.0,0
4687,A,6733.26,5.97,0.032,65190.18,60,1.0,0
4688,A,3540.85,3.97,0.0761,57400.34,36,7.0,0
4689,C,7327.31,10.01,0.1817,74172.75,60,4.0,0
4690,G,23713.81,25.57,0.4606,26014.16,36,2.0,1
4691,B,5967.38,10.77,0.096,56779.98,36,8.0,0
4692,B,13603.54,10.22,0.1068,66296.92,60,7.0,0
4693,B,7741.02,6.83,0.1849,89737.61,60,10.0,0
4694,C,11765.11,10.25,0.2481,63470.11,36,10.0,0
4695,C,15950.08,13.91,0.2857,69509.19,60,6.0,0
4696,E,16224.09,17.3,0.3281,44642.43,60,3.0,0
4697,C,18266.22,12.76,0.2078,58587.19,36,5.0,1
4698,C,18627.78,11.08,,59120.21,36,3.0,1
4699,A,6520.99,7.43,0.084,75279.51,36,2.0,0
4700,G,27720.84,24.84,0.3835,34672.58,60,6.0,1
4701,B,5475.05,10.22,0.0436,89120.0,60,7.0,0
4702,A,6888.91,5.28,0.1536,63283.01,36,6.0,0
4703,D,19026.91,15.88,0.2627,24269.66,60,12.0,0
4704,C,10619.34,9.04,0.2466,109370.34,60,3.0,0
4705,B,7655.8,5.2,0.01,59107.36,36,4.0,0
4706,C,9996.83,11.67,0.1972,83637.06,36,7.0,0
4707,E,18895.94,19.37,0.2486,75286.24,36,6.0,1
4708,A,8071.85,3.31,0.1901,87013.86,36,0.0,0
4709,E,15847.28,17.37,0.3369,46435.51,60,3.0,1
4710,D,9745.77,16.34,0.2641,60160.33,36,2.0,0
4711,B,13454.59,9.34,0.1241,42058.82,36,10.0,0
4712,C,9361.61,11.79,,95822.66,60,,0
4713,B,9769.66,9.67,0.0943,49667.49,36,3.0,1
4714,D,14935.27,13.74,0.244,50429.78,36,1.0,1
4715,C,8545.01,11.47,0.1653,61781.76,36,2.0,0
4716,B,10811.97,10.97,0.286,63066.08,36,1.0,0
4717,C,14895.71,12.1,0.2882,48176.28,60,2.0,0
4718,G,21590.44,26.19,0.4638,65098.1,36,2.0,1
4719,C,9028.27,15.46,0.1106,77105.03,60,5.0,0
4720,F,22197.85,20.4,0.4018,50796.85,36,3.0,1
4721,B,4970.02,9.69,0.1613,57808.04,36,6.0,0
4722,A,13034.62,7.5,0.1734,89156.97,36,3.0,0
4723,B,6395.42,8.01,0.1693,56639.56,60,9.0,0
4724,B,10397.22,9.79,0.1496,93267.05,36,12.0,0
4725,B,12185.45,7.03,0.164,67001.98,36,,0
4726,A,6079.47,3.97,0.01,92136.07,60,0.0,0
4727,F,21675.0,23.08,0.304,42951.23,36,2.0,1
4728,E,18286.99,20.2,0.3224,51287.6,36,1.0,0
4729,D,16384.42,17.18,0.3184,77057.58,36,3.0,0
4730,A,7336.49,7.35,0.067,109490.65,60,7.0,0
4731,A,2828.89,4.9,0.0976,98086.6,60,5.0,0
4732,A,5124.71,6.79,0.01,85788.42,36,2.0,0
4733,D,15177.07,14.99,0.3376,65607.1,36,9.0,1
4734,F,19709.49,23.85,0.4168,35874.92,36,1.0,1
4735,C,8079.47,12.31,0.2391,65314.14,60,2.0,0
4736,A,11476.25,5.67,,53565.11,36,7.0,0
4737,C,11045.76,12.64,0.2932,66764.08,36,2.0,0
4738,B,5241.86,6.09,0.1017,72920.91,60,7.0,0
4739,B,5526.01,6.81,0.0952,29704.79,36,12.0,0
4740,D,11305.39,15.65,0.3137,55697.29,36,10.0,0
4741,D,6096.73,12.97,0.3097,62467.75,60,1.0,1
4742,A,4644.83,6.25,0.0284,68493.22,60,5.0,0
4743,A,3500.0,6.31,0.0681,76444.88,36,4.0,0
4744,G,23303.42,26.49,0.5013,15849.0,36,12.0,1
4745,B,2889.72,6.82,0.1747,51034.44,36,12.0,0
4746,A,4872.66,7.07,0.1472,88628.89,36,1.0,0
4747,A,1567.44,8.06,0.0305,70010.29,60,11.0,0
4748,A,1817.23,5.22,0.1394,76117.82,60,2.0,0
4749,B,8810.12,9.27,0.0648,55162.62,60,3.0,0
4750,E,21031.52,19.3,0.1812,50350.89,36,3.0,0
4751,B,12355.52,9.3,0.1936,23563.78,36,3.0,0
4752,C,12494.71,11.82,0.2861,75228.21,36,10.0,0
4753,D,17008.88,15.45,0.2348,87542.79,36,3.0,0
4754,C,11110.53,13.36,,40829.68,36,9.0,0
4755,E,16096.35,22.52,0.4027,33074.02,36,12.0,1
4756,E,19020.98,16.9,0.2883,57935.84,36,10.0,0
4757,A,7018.6,4.84,0.0961,96529.83,36,3.0,0
4758,D,11493.18,13.73,0.3516,54962.25,36,8.0,0
4759,C,14994.71,14.39,0.1788,37872.28,36,5.0,1
4760,G,22707.45,25.12,0.3608,36244.89,36,9.0,1
4761,C,5803.96,9.84,0.2489,41461.22,36,1.0,0
4762,G,24928.36,26.96,0.3573,27960.77,36,7.0,1
4763,D,18766.5,18.12,0.2413,49527.26,60,9.0,0
4764,B,17139.86,9.5,0.0709,48272.16,36,9.0,0
4765,C,13411.47,12.31,0.2111,45997.7,60,12.0,0
4766,G,23361.37,26.61,0.4041,41341.61,60,0.0,1
4767,E,15500.03,21.12,0.3581,53870.64,36,3.0,1
4768,A,14060.7,3.69,0.1514,44368.35,36,5.0,0
4769,D,13926.85,15.33,0.2831,62134.87,36,3.0,0
4770,B,7971.1,7.82,0.1737,58125.19,36,,0
4771,A,7424.61,3.25,0.0956,82964.71,36,1.0,0
4772,B,8870.93,8.01,0.1866,79048.96,60,9.0,0
4773,B,12745.57,10.16,0.0833,55198.26,36,,0
4774,E,18059.38,19.85,0.1591,61054.66,60,1.0,0
4775,B,7728.01,9.47,0.2197,49934.79,60,1.0,0
4776,E,12428.62,19.22,0.3404,73827.72,36,2.0,0
4777,A,8383.09,5.78,0.0924,55615.55,36,5.0,0
4778,B,10785.92,7.3,0.2145,71349.49,36,9.0,0
4779,B,10950.92,8.04,0.1061,61623.04,36,0.0,0
4780,B,8657.92,8.79,0.1077,46695.9,36,7.0,0
4781,A,7234.93,5.42,0.0494,86216.48,60,1.0,0
4782,A,2895.16,5.48,0.1341,58945.63,36,12.0,0
4783,C,13837.59,11.79,0.105,29398.7,36,11.0,0
4784,B,7924.57,7.93,0.104,15000.0,60,11.0,0
4785,B,11296.38,13.24,0.1674,49249.2,36,1.0,0
4786,B,11712.42,9.86,0.0778,89766.35,36,5.0,0
4787,E,12236.34,19.62,0.2604,72639.29,36,1.0,0
4788,F,18705.49,22.15,0.2173,32065.23,36,6.0,1
4789,C,13246.69,11.32,0.2363,53259.81,60,2.0,1
4790,B,4432.81,8.3,0.1087,56631.56,60,9.0,0
4791,A,8430.88,5.44,0.034,45998.22,36,7.0,0
4792,F,23216.65,19.68,0.2723,27921.03,36,6.0,1
4793,A,9344.44,3.0,0.0749,87660.69,36,9.0,0
4794,B,13700.56,7.54,0.0552,74069.98,60,5.0,0
4795,B,10925.43,8.81,0.2665,69915.6,60,2.0,1
4796,B,9794.88,8.14,0.01,40967.36,36,7.0,0
4797,A,4325.99,7.22,0.073,71812.66,36,12.0,0
4798,E,11688.54,16.78,0.3064,15000.0,60,6.0,0
4799,A,6815.31,3.87,0.0535,85170.45,36,7.0,0
4800,D,16390.91,17.78,0.2627,59654.35,60,11.0,0
4801,A,2762.27,5.2,0.052,45785.82,60,5.0,0
4802,A,8859.11,6.33,0.1918,99095.66,36,12.0,0
4803,F,21425.55,25.58,0.2829,15000.0,60,1.0,1
4804,A,9363.86,3.96,0.01,79545.51,36,5.0,0
4805,E,19470.65,18.85,0.2221,59993.09,60,2.0,1
4806,C,11179.69,11.59,0.2232,37685.93,36,4.0,0
4807,A,6972.24,3.0,0.0929,69318.69,36,1.0,0
4808,F,20581.14,22.03,0.3951,15537.1,36,2.0,0
4809,B,11484.28,9.82,0.1801,15000.0,60,2.0,0
4810,E,20646.39,19.81,0.2618,30778.23,36,3.0,1
4811,A,12729.65,5.93,0.0707,58900.75,36,1.0,0
4812,E,12186.74,18.44,0.2769,61596.61,36,9.0,1
4813,A,4187.65,4.02,0.2131,71213.35,36,2.0,0
4814,C,11991.68,13.9,0.2414,61683.82,60,4.0,1
4815,D,11650.01,14.75,,36740.41,36,0.0,0
4816,F,19611.04,22.94,0.4004,35459.8,60,1.0,1
4817,F,23098.86,22.75,0.3462,28261.32,60,11.0,0
4818,E,13135.99,21.19,0.2388,27950.47,60,10.0,1
4819,E,18780.99,20.46,0.3121,39313.41,60,10.0,0
4820,A,1325.03,3.06,0.0963,71341.22,36,4.0,0
4821,B,14004.3,6.72,0.1444,54692.51,36,1.0,0
4822,B,13574.43,9.37,0.1375,59176.95,60,,0
4823,B,7713.25,8.4,0.0269,77508.47,60,6.0,0
4824,B,4379.25,7.82,0.2257,55986.42,36,9.0,1
4825,C,9336.5,13.52,0.197,35988.6,60,11.0,0
4826,A,6289.64,5.28,0.0151,80142.16,60,3.0,0
4827,D,15077.05,15.58,0.2789,59785.29,60,3.0,1
4828,A,9099.68,6.17,0.0486,75915.87,60,1.0,0
4829,B,14656.78,7.94,0.1837,76265.1,60,9.0,1
4830,C,10665.23,14.35,0.2529,68219.55,60,2.0,1
4831,E,18374.31,17.82,,50517.12,36,5.0,0
4832,D,11147.6,16.49,0.2403,98046.15,60,11.0,0
4833,D,12660.39,17.65,0.2252,31870.56,36,8.0,0
4834,A,5863.24,3.0,0.0625,59444.49,36,0.0,0
4835,C,8785.4,11.48,0.1566,77412.02,60,0.0,0
4836,A,1000.0,6.71,0.099,72566.55,60,9.0,0
4837,B,6904.33,10.24,,78642.61,60,,0
4838,B,7097.85,8.24,0.1005,68055.62,36,8.0,0
4839,A,9331.01,3.9,0.0314,94733.02,36,1.0,0
4840,B,11585.3,9.93,0.1435,46864.8,36,10.0,0
4841,F,22199.89,24.28,0.3239,69164.28,36,9.0,0
4842,F,19657.98,20.75,0.2815,66077.94,60,11.0,0
4843,B,9113.83,6.69,0.1998,43214.8,36,3.0,0
4844,A,6381.78,5.34,0.2063,81351.98,36,2.0,0
4845,A,6633.37,5.94,0.1578,69225.28,36,1.0,0
4846,B,13608.0,8.05,0.1068,54081.52,60,11.0,0
4847,F,21492.2,23.52,0.347,15000.0,36,,1
4848,A,8919.64,3.93,0.1924,51805.35,60,1.0,0
4849,D,13333.31,12.33,0.1796,67746.02,36,2.0,1
4850,A,5509.38,4.36,0.147,84649.14,36,9.0,0
4851,G,23307.15,26.09,0.3131,36207.21,60,10.0,1
4852,B,12955.91,8.09,0.251,79705.73,36,,0
4853,D,19803.15,13.76,0.2242,72014.68,36,6.0,0
4854,B,7184.79,5.78,0.2837,67783.52,60,12.0,0
4855,D,14362.7,14.73,0.3537,41997.99,60,0.0,0
4856,A,7529.31,6.35,0.0936,77938.97,60,10.0,0
4857,A,4694.98,6.88,0.0568,78765.72,60,4.0,0
4858,F,19816.98,24.28,0.3617,57131.0,36,,0
4859,F,19734.77,21.28,0.3392,60577.26,36,1.0,1
4860,E,15529.8,17.27,0.2759,25481.04,36,0.0,0
4861,D,13667.77,16.24,0.1505,45821.27,60,3.0,0
4862,E,18359.93,19.95,0.2691,15824.82,60,1.0,0
4863,A,5158.74,5.6,0.0334,83445.93,36,5.0,0
4864,B,11788.53,5.48,0.1831,61178.39,36,1.0,0
4865,B,7768.39,7.2,0.2095,72754.65,36,1.0,0
4866,D,16562.01,15.46,0.2944,28437.78,60,10.0,0
4867,B,7107.27,9.23,0.1705,90217.66,36,,0
4868,A,3001.02,6.15,0.0488,48501.9,60,12.0,0
4869,C,12308.36,12.22,0.2123,73942.14,60,,0
4870,E,15945.53,19.5,0.3476,52123.1,60,9.0,0
4871,B,12711.72,8.63,0.1148,61590.03,36,10.0,0
4872,A,8642.76,6.03,0.1071,65137.12,60,,0
4873,A,13125.87,5.47,0.0913,58514.87,60,3.0,0
4874,B,9919.03,8.6,0.2497,88313.53,36,1.0,1
4875,B,10225.47,8.1,0.2011,65227.03,36,2.0,0
4876,D,9256.42,15.62,0.2865,32154.01,60,10.0,1
4877,C,16466.58,12.73,0.097,53088.72,60,8.0,0
4878,D,16905.64,15.9,0.2604,57310.1,36,4.0,0
4879,B,9062.4,9.07,0.1407,81160.5,36,0.0,0
4880,E,16048.45,21.01,0.2902,39116.85,36,,0
4881,B,9590.11,8.9,,55320.02,60,8.0,0
4882,C,12752.91,11.03,0.1347,60421.78,60,5.0,0
4883,E,23673.94,20.33,0.2959,65721.65,36,4.0,0
4884,A,1000.0,3.0,0.1669,45362.42,36,3.0,0
4885,A,12400.32,3.38,0.0646,79096.38,60,6.0,0
4886,E,15999.93,19.5,0.276,41646.87,60,12.0,0
4887,B,10562.18,9.27,0.2569,59160.21,60,11.0,1
4888,D,12515.86,13.63,0.2322,91028.36,60,0.0,1
4889,A,13555.74,4.43,,66463.55,36,5.0,0
4890,D,12624.64,14.59,0.2431,68584.49,60,3.0,1
4891,B,7177.82,7.77,0.0693,77940.45,36,5.0,0
4892,A,2558.51,6.42,0.1343,48759.57,60,,0
4893,C,10636.76,13.06,0.1608,26782.9,60,2.0,0
4894,B,10016.6,8.47,0.1482,79777.68,60,9.0,0
4895,B,3377.65,7.68,0.1767,45496.17,60,5.0,0
4896,A,7905.85,3.0,0.2166,40044.71,36,12.0,0
4897,A,8716.28,7.13,0.0209,88470.92,36,,0
4898,B,11150.49,9.39,0.2019,46650.32,36,2.0,0
4899,A,10471.96,3.94,0.1521,56094.69,60,7.0,0
4900,F,21002.68,23.58,0.3117,80538.72,60,8.0,1
4901,A,7091.98,4.89,0.136,40124.76,60,6.0,0
4902,C,10176.46,11.57,0.2986,37386.85,60,12.0,1
4903,A,4057.92,5.65,,61725.43,36,4.0,1
4904,B,12243.72,7.39,0.1645,60675.38,36,4.0,0
4905,F,13842.24,21.98,0.3743,28912.58,36,11.0,1
4906,A,10117.56,5.18,0.1321,49144.21,60,5.0,0
4907,G,22298.42,25.25,0.4462,67179.9,60,3.0,1
4908,B,11323.23,9.5,0.16,69733.75,36,8.0,0
4909,D,8375.37,18.3,0.2808,65533.04,60,6.0,1
4910,C,8327.46,10.87,0.1453,57529.95,36,3.0,0
4911,E,15609.0,16.5,0.3098,55210.19,36,3.0,1
4912,C,11689.07,9.0,0.1714,76792.23,36,4.0,1
4913,C,14051.2,11.77,0.1262,42066.62,36,0.0,0
4914,A,6543.78,4.01,0.0695,74767.05,60,,0
4915,A,3099.32,5.31,0.1162,82528.76,36,2.0,0
4916,F,21600.44,22.7,,72806.35,36,2.0,1
4917,B,8682.75,6.1,0.0739,100062.04,60,7.0,0
4918,B,9096.66,5.78,0.0937,66257.48,60,8.0,0
4919,D,11231.64,15.94,0.2935,75495.5,60,8.0,0
4920,B,12007.93,8.7,0.1805,16936.98,36,,0
4921,F,16848.61,21.86,0.4032,72941.09,36,10.0,1
4922,D,12236.61,13.01,0.3321,41934.09,36,6.0,0
4923,C,12368.56,12.71,0.2323,55660.25,36,4.0,0
4924,E,16725.57,20.91,0.2751,57939.88,60,9.0,1
4925,A,3383.16,5.42,0.1069,67238.04,36,2.0,0
4926,B,6856.29,7.23,0.2496,68536.16,36,10.0,0
4927,C,11656.16,12.07,0.3659,88578.47,60,5.0,0
4928,B,6612.86,6.45,0.1778,58084.04,60,11.0,0
4929,D,11415.31,17.09,0.2821,35435.37,36,2.0,0
4930,F,17672.51,22.62,0.3935,77642.35,36,11.0,1
4931,C,12932.84,9.35,0.2014,69481.76,36,7.0,0
4932,B,3460.46,8.05,0.2198,99600.3,36,6.0,0
4933,G,16851.42,26.69,0.4605,55545.34,36,4.0,1
4934,C,18766.9,11.5,0.2213,36175.3,36,12.0,0
4935,C,13066.7,11.59,0.1809,71616.92,36,,0
4936,B,4700.18,6.66,0.0588,47288.93,36,5.0,1
4937,F,17979.28,23.35,0.3939,45133.77,36,9.0,1
4938,C,13145.48,11.03,0.2128,58637.14,60,3.0,0
4939,D,12877.73,12.27,0.2057,25882.05,36,3.0,0
4940,E,18892.31,18.44,0.2322,35369.41,60,,1
4941,B,10648.11,9.97,0.1897,104693.37,36,1.0,0
4942,C,10160.12,11.42,0.1039,64290.79,60,9.0,0
4943,E,14082.57,21.61,0.318,46839.27,36,7.0,1
4944,B,8953.36,9.14,0.2006,97632.02,36,5.0,0
4945,E,19712.07,19.51,0.333,42867.76,60,2.0,1
4946,F,20270.43,22.31,,43354.43,60,9.0,0
4947,D,16980.1,15.4,0.175,72834.45,60,9.0,0
4948,D,15118.17,15.1,0.2852,47786.76,60,5.0,1
4949,E,14859.22,18.55,0.372,36562.63,36,4.0,1
4950,E,19141.41,19.8,,15000.0,36,2.0,1
4951,B,12979.44,7.1,0.1804,48143.03,36,8.0,0
4952,A,8058.56,3.39,0.1949,52971.5,36,7.0,0
4953,B,10070.02,6.82,0.1703,67854.2,60,2.0,1
4954,D,9645.31,18.57,0.2262,44011.75,36,9.0,1
4955,C,10487.72,12.8,0.2625,98844.34,60,10.0,1
4956,D,10810.52,15.96,0.2057,35962.68,36,0.0,1
4957,B,6200.2,6.91,0.0721,90211.64,36,9.0,0
4958,D,9837.7,16.44,0.2987,58955.55,36,10.0,1
4959,A,2368.77,4.83,0.0756,84521.93,36,12.0,0
4960,D,14286.46,15.82,0.231,68428.35,60,,1
4961,C,15850.22,10.54,0.1624,20071.76,60,4.0,0
4962,B,10122.73,8.74,0.1216,64792.05,36,12.0,0
4963,B,5657.81,7.86,0.2342,60279.89,60,1.0,0
4964,D,16486.16,14.35,0.3497,34606.39,60,5.0,1
4965,C,16724.76,13.1,0.3077,68273.27,60,5.0,1
4966,B,9536.81,6.19,0.2154,95897.73,36,,0
4967,G,15481.67,26.85,0.428,15000.0,36,3.0,1
4968,D,10205.23,16.53,0.1641,45379.55,36,11.0,1
4969,F,17546.75,21.18,0.3387,22576.21,36,2.0,1
4970,C,6905.58,10.77,0.3294,61292.0,36,,0
4971,C,14425.45,11.67,0.1739,54138.82,36,5.0,0
4972,E,19473.26,19.42,0.3908,39097.81,60,2.0,0
4973,C,10700.42,11.77,,72411.12,36,2.0,0
4974,D,13337.36,16.15,0.0893,84451.26,60,12.0,1
4975,B,8613.41,11.14,0.1884,112903.74,60,6.0,0
4976,C,14000.02,11.24,0.276,46686.68,60,6.0,0
4977,A,6922.12,3.0,0.0971,37224.24,36,9.0,0
4978,B,9297.48,9.74,0.224,75065.54,36,1.0,0
4979,A,4739.38,7.52,0.01,98988.73,36,8.0,0
4980,A,10093.6,5.59,0.0169,84646.42,36,1.0,0
4981,G,16613.45,24.37,0.4123,68914.25,60,8.0,1
4982,B,9631.27,8.31,0.1786,60941.24,36,,0
4983,D,13700.28,13.82,0.3314,44027.66,36,10.0,0
4984,E,15637.36,19.96,0.3383,52077.85,36,7.0,1
4985,C,10577.85,9.97,0.1284,54050.04,36,4.0,0
4986,A,1066.22,4.55,0.1128,81935.69,60,3.0,0
4987,D,11447.99,13.99,0.286,72455.82,60,1.0,0
4988,C,9208.1,12.19,0.0875,78865.51,36,11.0,0
4989,D,14457.99,14.95,0.2474,64190.67,36,1.0,1
4990,D,15293.43,15.77,0.2299,59424.8,60,5.0,0
4991,G,21455.53,26.03,0.3607,54299.68,60,2.0,0
4992,C,13299.66,10.52,0.2299,24666.15,60,12.0,1
4993,B,2812.02,9.44,0.081,68790.27,36,6.0,0
4994,D,15104.71,15.43,0.275,55944.61,36,1.0,0
4995,A,7725.23,3.52,0.1336,73835.45,36,7.0,0
4996,E,19189.23,22.36,0.365,48422.78,60,12.0,0
4997,A,3380.68,5.71,0.0326,77773.4,60,6.0,0
4998,B,9173.3,8.27,0.0597,54657.15,36,4.0,0
4999,E,17690.45,21.12,0.3167,70331.42,36,3.0,0
5000,C,13534.22,14.76,0.1828,68525.7,60,1.0,0
